Nome,Modalidade
Lsxhlqe Vsijfpn,BBootcamp
Lsxhlqe Vsijfpn,BCycle
Lsxhlqe Vsijfpn,Byoga
Lsxhlqe Vsijfpn,BDance
Fisliqp Aezccjq,BBootcamp
Fisliqp Aezccjq,BCycle
Fisliqp Aezccjq,Byoga
Fisliqp Aezccjq,BDance
Fyufybr Xpmaidw,BBootcamp
Fyufybr Xpmaidw,BCycle
Fyufybr Xpmaidw,Byoga
Fyufybr Xpmaidw,BDance
Omubzja Oexenuf,BBootcamp
Omubzja Oexenuf,BCycle
Omubzja Oexenuf,Byoga
Omubzja Oexenuf,BDance
Wuxxvks Bubydzt,BBootcamp
Wuxxvks Bubydzt,BCycle
Wuxxvks Bubydzt,Byoga
Wuxxvks Bubydzt,BDance
Gwfwidl Wxjnxbi,BBootcamp
Gwfwidl Wxjnxbi,BCycle
Gwfwidl Wxjnxbi,Byoga
Gwfwidl Wxjnxbi,BDance
Pesyrmr Mcvzzhi,BBootcamp
Pesyrmr Mcvzzhi,BCycle
Pesyrmr Mcvzzhi,Byoga
Pesyrmr Mcvzzhi,BDance
Jxtkbrx Uvghzee,BBootcamp
Jxtkbrx Uvghzee,BCycle
Jxtkbrx Uvghzee,Byoga
Jxtkbrx Uvghzee,BDance
Hwocwvt Prexpdf,BBootcamp
Hwocwvt Prexpdf,BCycle
Hwocwvt Prexpdf,Byoga
Hwocwvt Prexpdf,BDance
Scvfytp Wboppex,BBootcamp
Scvfytp Wboppex,BCycle
Scvfytp Wboppex,Byoga
Scvfytp Wboppex,BDance
Lbeweqr Rsgmhwv,BBootcamp
Lbeweqr Rsgmhwv,BCycle
Lbeweqr Rsgmhwv,Byoga
Lbeweqr Rsgmhwv,BDance
Burrvxf Dhwebqa,BBootcamp
Burrvxf Dhwebqa,BCycle
Burrvxf Dhwebqa,Byoga
Burrvxf Dhwebqa,BDance
Oatlcse Rnttnev,BBootcamp
Oatlcse Rnttnev,BCycle
Oatlcse Rnttnev,Byoga
Oatlcse Rnttnev,BDance
Dbkgeih Ddvyumf,BBootcamp
Dbkgeih Ddvyumf,BCycle
Dbkgeih Ddvyumf,Byoga
Dbkgeih Ddvyumf,BDance
Yrgupld Mccwrlu,BBootcamp
Yrgupld Mccwrlu,BCycle
Yrgupld Mccwrlu,Byoga
Yrgupld Mccwrlu,BDance
Zgnmtri Knumbdu,BBootcamp
Zgnmtri Knumbdu,BCycle
Zgnmtri Knumbdu,Byoga
Zgnmtri Knumbdu,BDance
Qobzyoj Djcuayp,BBootcamp
Qobzyoj Djcuayp,BCycle
Qobzyoj Djcuayp,Byoga
Qobzyoj Djcuayp,BDance
Efkyeys Yknjmct,BBootcamp
Efkyeys Yknjmct,BCycle
Efkyeys Yknjmct,Byoga
Efkyeys Yknjmct,BDance
Nmkucpn Ughltkr,BBootcamp
Nmkucpn Ughltkr,BCycle
Nmkucpn Ughltkr,Byoga
Nmkucpn Ughltkr,BDance
Uforexv Mehwtbf,BBootcamp
Uforexv Mehwtbf,BCycle
Uforexv Mehwtbf,Byoga
Uforexv Mehwtbf,BDance
Iwjgkzi Fgcsfqc,BBootcamp
Iwjgkzi Fgcsfqc,BCycle
Iwjgkzi Fgcsfqc,Byoga
Iwjgkzi Fgcsfqc,BDance
Pucniie Mtyzgwj,BBootcamp
Pucniie Mtyzgwj,BCycle
Pucniie Mtyzgwj,Byoga
Pucniie Mtyzgwj,BDance
Swxbxrp Odthreh,BBootcamp
Swxbxrp Odthreh,BCycle
Swxbxrp Odthreh,Byoga
Swxbxrp Odthreh,BDance
Lqvahsl Pjtwnti,BBootcamp
Lqvahsl Pjtwnti,BCycle
Lqvahsl Pjtwnti,Byoga
Lqvahsl Pjtwnti,BDance
Xnmzyrs Ovvtivq,BBootcamp
Xnmzyrs Ovvtivq,BCycle
Xnmzyrs Ovvtivq,Byoga
Xnmzyrs Ovvtivq,BDance
Nuenenb Dduwfml,BBootcamp
Nuenenb Dduwfml,BCycle
Nuenenb Dduwfml,Byoga
Nuenenb Dduwfml,BDance
Qeoqudy Qdxhqkl,BBootcamp
Qeoqudy Qdxhqkl,BCycle
Qeoqudy Qdxhqkl,Byoga
Qeoqudy Qdxhqkl,BDance
Lobabvf Khtsxmh,BBootcamp
Lobabvf Khtsxmh,BCycle
Lobabvf Khtsxmh,Byoga
Lobabvf Khtsxmh,BDance
Ckarocz Ehdrweu,BBootcamp
Ckarocz Ehdrweu,BCycle
Ckarocz Ehdrweu,Byoga
Ckarocz Ehdrweu,BDance
Ssfgfbu Luvasca,BBootcamp
Ssfgfbu Luvasca,BCycle
Ssfgfbu Luvasca,Byoga
Ssfgfbu Luvasca,BDance
Tihclxj Petclyn,BBootcamp
Tihclxj Petclyn,BCycle
Tihclxj Petclyn,Byoga
Tihclxj Petclyn,BDance
Szqkivm Gzrhnwb,BBootcamp
Szqkivm Gzrhnwb,BCycle
Szqkivm Gzrhnwb,Byoga
Szqkivm Gzrhnwb,BDance
Awtvlrc Nblmrva,BBootcamp
Awtvlrc Nblmrva,BCycle
Awtvlrc Nblmrva,Byoga
Awtvlrc Nblmrva,BDance
Qgzarek Hcqukze,BBootcamp
Qgzarek Hcqukze,BCycle
Qgzarek Hcqukze,Byoga
Qgzarek Hcqukze,BDance
Jejffoo Okjmavz,BBootcamp
Jejffoo Okjmavz,BCycle
Jejffoo Okjmavz,Byoga
Jejffoo Okjmavz,BDance
Cjtoimv Wrajdxp,BBootcamp
Cjtoimv Wrajdxp,BCycle
Cjtoimv Wrajdxp,Byoga
Cjtoimv Wrajdxp,BDance
Qbaqvrd Dolfomk,BBootcamp
Qbaqvrd Dolfomk,BCycle
Qbaqvrd Dolfomk,Byoga
Qbaqvrd Dolfomk,BDance
Nknugsc Yedteuh,BBootcamp
Nknugsc Yedteuh,BCycle
Nknugsc Yedteuh,Byoga
Nknugsc Yedteuh,BDance
Vdsyoeg Arvfpkw,BBootcamp
Vdsyoeg Arvfpkw,BCycle
Vdsyoeg Arvfpkw,Byoga
Vdsyoeg Arvfpkw,BDance
Kqvgjdl Bunoqzu,BBootcamp
Kqvgjdl Bunoqzu,BCycle
Kqvgjdl Bunoqzu,Byoga
Kqvgjdl Bunoqzu,BDance
Lsoxabj Xeerslt,BBootcamp
Lsoxabj Xeerslt,BCycle
Lsoxabj Xeerslt,Byoga
Lsoxabj Xeerslt,BDance
Kunfxvn Rnzeaul,BBootcamp
Kunfxvn Rnzeaul,BCycle
Kunfxvn Rnzeaul,Byoga
Kunfxvn Rnzeaul,BDance
Bctwsbz Khsuicq,BBootcamp
Bctwsbz Khsuicq,BCycle
Bctwsbz Khsuicq,Byoga
Bctwsbz Khsuicq,BDance
Wuubgua Ctrwdgz,BBootcamp
Wuubgua Ctrwdgz,BCycle
Wuubgua Ctrwdgz,Byoga
Wuubgua Ctrwdgz,BDance
Jsfeygz Attyoka,BBootcamp
Jsfeygz Attyoka,BCycle
Jsfeygz Attyoka,Byoga
Jsfeygz Attyoka,BDance
Mqvcuic Adwegvj,BBootcamp
Mqvcuic Adwegvj,BCycle
Mqvcuic Adwegvj,Byoga
Mqvcuic Adwegvj,BDance
Zqmzmfm Dkqzrhu,BBootcamp
Zqmzmfm Dkqzrhu,BCycle
Zqmzmfm Dkqzrhu,Byoga
Zqmzmfm Dkqzrhu,BDance
Kuqnojq Lhnggfo,BBootcamp
Kuqnojq Lhnggfo,BCycle
Kuqnojq Lhnggfo,Byoga
Kuqnojq Lhnggfo,BDance
Dwtetep Ozbxyso,BBootcamp
Dwtetep Ozbxyso,BCycle
Dwtetep Ozbxyso,Byoga
Dwtetep Ozbxyso,BDance
Hdcwmyd Mktnwjf,BBootcamp
Hdcwmyd Mktnwjf,BCycle
Hdcwmyd Mktnwjf,Byoga
Hdcwmyd Mktnwjf,BDance
Nrgxmqr Eklduvf,BBootcamp
Nrgxmqr Eklduvf,BCycle
Nrgxmqr Eklduvf,Byoga
Nrgxmqr Eklduvf,BDance
Vbeiaff Ggkyabo,BBootcamp
Vbeiaff Ggkyabo,BCycle
Vbeiaff Ggkyabo,Byoga
Vbeiaff Ggkyabo,BDance
Npqemqq Lncuhtf,BBootcamp
Npqemqq Lncuhtf,BCycle
Npqemqq Lncuhtf,Byoga
Npqemqq Lncuhtf,BDance
Ehhcrkf Ryeualj,BBootcamp
Ehhcrkf Ryeualj,BCycle
Ehhcrkf Ryeualj,Byoga
Ehhcrkf Ryeualj,BDance
Bvojlzo Dblbizo,BBootcamp
Bvojlzo Dblbizo,BCycle
Bvojlzo Dblbizo,Byoga
Bvojlzo Dblbizo,BDance
Mahprcx Kykklzb,BBootcamp
Mahprcx Kykklzb,BCycle
Mahprcx Kykklzb,Byoga
Mahprcx Kykklzb,BDance
Yncwfiv Mbkocbm,BBootcamp
Yncwfiv Mbkocbm,BCycle
Yncwfiv Mbkocbm,Byoga
Yncwfiv Mbkocbm,BDance
Kdliucu Ogergid,BBootcamp
Kdliucu Ogergid,BCycle
Kdliucu Ogergid,Byoga
Kdliucu Ogergid,BDance
Ylrxtsu Hidusof,BBootcamp
Ylrxtsu Hidusof,BCycle
Ylrxtsu Hidusof,Byoga
Ylrxtsu Hidusof,BDance
Sziozyb Zsjpens,BBootcamp
Sziozyb Zsjpens,BCycle
Sziozyb Zsjpens,Byoga
Sziozyb Zsjpens,BDance
Zhokngc Dhmmdda,BBootcamp
Zhokngc Dhmmdda,BCycle
Zhokngc Dhmmdda,Byoga
Zhokngc Dhmmdda,BDance
Ofrydxm Qfobmii,BBootcamp
Ofrydxm Qfobmii,BCycle
Ofrydxm Qfobmii,Byoga
Ofrydxm Qfobmii,BDance
Hstxxda Nsyfgvv,BBootcamp
Hstxxda Nsyfgvv,BCycle
Hstxxda Nsyfgvv,Byoga
Hstxxda Nsyfgvv,BDance
Cfzdmid Diztnac,BBootcamp
Cfzdmid Diztnac,BCycle
Cfzdmid Diztnac,Byoga
Cfzdmid Diztnac,BDance
Njglkif Njaoydn,BBootcamp
Njglkif Njaoydn,BCycle
Njglkif Njaoydn,Byoga
Njglkif Njaoydn,BDance
Ycaukjn Bblhxyy,BBootcamp
Ycaukjn Bblhxyy,BCycle
Ycaukjn Bblhxyy,Byoga
Ycaukjn Bblhxyy,BDance
Izfbbuo Karkfek,BBootcamp
Izfbbuo Karkfek,BCycle
Izfbbuo Karkfek,Byoga
Izfbbuo Karkfek,BDance
Zmddzcf Sudijud,BBootcamp
Zmddzcf Sudijud,BCycle
Zmddzcf Sudijud,Byoga
Zmddzcf Sudijud,BDance
Wqflacc Shdikoi,BBootcamp
Wqflacc Shdikoi,BCycle
Wqflacc Shdikoi,Byoga
Wqflacc Shdikoi,BDance
Lwrifjg Ihqkvju,BBootcamp
Lwrifjg Ihqkvju,BCycle
Lwrifjg Ihqkvju,Byoga
Lwrifjg Ihqkvju,BDance
Jiwghpa Ktriusx,BBootcamp
Jiwghpa Ktriusx,BCycle
Jiwghpa Ktriusx,Byoga
Jiwghpa Ktriusx,BDance
Zhawept Eqbsyoa,BBootcamp
Zhawept Eqbsyoa,BCycle
Zhawept Eqbsyoa,Byoga
Zhawept Eqbsyoa,BDance
Okqzxip Zkizqsj,BBootcamp
Okqzxip Zkizqsj,BCycle
Okqzxip Zkizqsj,Byoga
Okqzxip Zkizqsj,BDance
Kftyqpj Rxbcdde,BBootcamp
Kftyqpj Rxbcdde,BCycle
Kftyqpj Rxbcdde,Byoga
Kftyqpj Rxbcdde,BDance
Urvgvsh Iawhoki,BBootcamp
Urvgvsh Iawhoki,BCycle
Urvgvsh Iawhoki,Byoga
Urvgvsh Iawhoki,BDance
Slkypwk Bkqhyxy,BBootcamp
Slkypwk Bkqhyxy,BCycle
Slkypwk Bkqhyxy,Byoga
Slkypwk Bkqhyxy,BDance
Goiyxnn Jbqbond,BBootcamp
Goiyxnn Jbqbond,BCycle
Goiyxnn Jbqbond,Byoga
Goiyxnn Jbqbond,BDance
Fhuilja Iezqdez,BBootcamp
Fhuilja Iezqdez,BCycle
Fhuilja Iezqdez,Byoga
Fhuilja Iezqdez,BDance
Pqkyira Miylhfb,BBootcamp
Pqkyira Miylhfb,BCycle
Pqkyira Miylhfb,Byoga
Pqkyira Miylhfb,BDance
Kloembc Pafczfl,BBootcamp
Kloembc Pafczfl,BCycle
Kloembc Pafczfl,Byoga
Kloembc Pafczfl,BDance
Eakcphs Pzwfqng,BBootcamp
Eakcphs Pzwfqng,BCycle
Eakcphs Pzwfqng,Byoga
Eakcphs Pzwfqng,BDance
Wcblngt Bkowpbe,BBootcamp
Wcblngt Bkowpbe,BCycle
Wcblngt Bkowpbe,Byoga
Wcblngt Bkowpbe,BDance
Yxafqfg Pzaxqkl,BBootcamp
Yxafqfg Pzaxqkl,BCycle
Yxafqfg Pzaxqkl,Byoga
Yxafqfg Pzaxqkl,BDance
Qcydgyv Pswgcqx,BBootcamp
Qcydgyv Pswgcqx,BCycle
Qcydgyv Pswgcqx,Byoga
Qcydgyv Pswgcqx,BDance
Pvqyqqa Nnbqgss,BBootcamp
Pvqyqqa Nnbqgss,BCycle
Pvqyqqa Nnbqgss,Byoga
Pvqyqqa Nnbqgss,BDance
Asubkgt Hmuqdfh,BBootcamp
Asubkgt Hmuqdfh,BCycle
Asubkgt Hmuqdfh,Byoga
Asubkgt Hmuqdfh,BDance
Bhatfes Tfumcbr,BBootcamp
Bhatfes Tfumcbr,BCycle
Bhatfes Tfumcbr,Byoga
Bhatfes Tfumcbr,BDance
Zpnzhaf Ykueyzi,BBootcamp
Zpnzhaf Ykueyzi,BCycle
Zpnzhaf Ykueyzi,Byoga
Zpnzhaf Ykueyzi,BDance
Dvknuzm Wxvpmko,BBootcamp
Dvknuzm Wxvpmko,BCycle
Dvknuzm Wxvpmko,Byoga
Dvknuzm Wxvpmko,BDance
Juqamtf Kontbtn,BBootcamp
Juqamtf Kontbtn,BCycle
Juqamtf Kontbtn,Byoga
Juqamtf Kontbtn,BDance
Mdhsrwy Azwiyuf,BBootcamp
Mdhsrwy Azwiyuf,BCycle
Mdhsrwy Azwiyuf,Byoga
Mdhsrwy Azwiyuf,BDance
Jgtulas Eifvmfn,BBootcamp
Jgtulas Eifvmfn,BCycle
Jgtulas Eifvmfn,Byoga
Jgtulas Eifvmfn,BDance
Azfhfpy Lfkexxw,BBootcamp
Azfhfpy Lfkexxw,BCycle
Azfhfpy Lfkexxw,Byoga
Azfhfpy Lfkexxw,BDance
Ammuyln Taguykz,BBootcamp
Ammuyln Taguykz,BCycle
Ammuyln Taguykz,Byoga
Ammuyln Taguykz,BDance
Ytxudnr Hdrzrwo,BBootcamp
Ytxudnr Hdrzrwo,BCycle
Ytxudnr Hdrzrwo,Byoga
Ytxudnr Hdrzrwo,BDance
Jyyjlob Qiqtfas,BBootcamp
Jyyjlob Qiqtfas,BCycle
Jyyjlob Qiqtfas,Byoga
Jyyjlob Qiqtfas,BDance
Rxkwyts Xrirptz,BBootcamp
Rxkwyts Xrirptz,BCycle
Rxkwyts Xrirptz,Byoga
Rxkwyts Xrirptz,BDance
Lgloozg Chappan,BBootcamp
Lgloozg Chappan,BCycle
Lgloozg Chappan,Byoga
Lgloozg Chappan,BDance
Wkflmvq Cbvucrd,BBootcamp
Wkflmvq Cbvucrd,BCycle
Wkflmvq Cbvucrd,Byoga
Wkflmvq Cbvucrd,BDance
Hxeqavt Mvvypee,BBootcamp
Hxeqavt Mvvypee,BCycle
Hxeqavt Mvvypee,Byoga
Hxeqavt Mvvypee,BDance
Xgtlauz Fppiqvz,BBootcamp
Xgtlauz Fppiqvz,BCycle
Xgtlauz Fppiqvz,Byoga
Xgtlauz Fppiqvz,BDance
Gdthxkn Fqyvpjk,BBootcamp
Gdthxkn Fqyvpjk,BCycle
Gdthxkn Fqyvpjk,Byoga
Gdthxkn Fqyvpjk,BDance
Liwuvtz Xapwkax,BBootcamp
Liwuvtz Xapwkax,BCycle
Liwuvtz Xapwkax,Byoga
Liwuvtz Xapwkax,BDance
Zgswcih Nmurhrv,BBootcamp
Zgswcih Nmurhrv,BCycle
Zgswcih Nmurhrv,Byoga
Zgswcih Nmurhrv,BDance
Xmiskcf Ddwigmt,BBootcamp
Xmiskcf Ddwigmt,BCycle
Xmiskcf Ddwigmt,Byoga
Xmiskcf Ddwigmt,BDance
Fkbzlro Xjddbai,BBootcamp
Fkbzlro Xjddbai,BCycle
Fkbzlro Xjddbai,Byoga
Fkbzlro Xjddbai,BDance
Drefyli Mutndwj,BBootcamp
Drefyli Mutndwj,BCycle
Drefyli Mutndwj,Byoga
Drefyli Mutndwj,BDance
Egloagm Nhejxcw,BBootcamp
Egloagm Nhejxcw,BCycle
Egloagm Nhejxcw,Byoga
Egloagm Nhejxcw,BDance
Zihbgcq Ezjstcd,BBootcamp
Zihbgcq Ezjstcd,BCycle
Zihbgcq Ezjstcd,Byoga
Zihbgcq Ezjstcd,BDance
Fzhjjck Bnysrmy,BBootcamp
Fzhjjck Bnysrmy,BCycle
Fzhjjck Bnysrmy,Byoga
Fzhjjck Bnysrmy,BDance
Faxmoox Yazjxuh,BBootcamp
Faxmoox Yazjxuh,BCycle
Faxmoox Yazjxuh,Byoga
Faxmoox Yazjxuh,BDance
Ytjrnfi Yactnyn,BBootcamp
Ytjrnfi Yactnyn,BCycle
Ytjrnfi Yactnyn,Byoga
Ytjrnfi Yactnyn,BDance
Ctyptmp Pragqaw,BBootcamp
Ctyptmp Pragqaw,BCycle
Ctyptmp Pragqaw,Byoga
Ctyptmp Pragqaw,BDance
Mpuqcpm Bnpuatd,BBootcamp
Mpuqcpm Bnpuatd,BCycle
Mpuqcpm Bnpuatd,Byoga
Mpuqcpm Bnpuatd,BDance
Vypncfn Yqaavbh,BBootcamp
Vypncfn Yqaavbh,BCycle
Vypncfn Yqaavbh,Byoga
Vypncfn Yqaavbh,BDance
Cryztjy Rztzyat,BBootcamp
Cryztjy Rztzyat,BCycle
Cryztjy Rztzyat,Byoga
Cryztjy Rztzyat,BDance
Rthqqaq Ebbyadl,BBootcamp
Rthqqaq Ebbyadl,BCycle
Rthqqaq Ebbyadl,Byoga
Rthqqaq Ebbyadl,BDance
Slbmnzq Btbdezs,BBootcamp
Slbmnzq Btbdezs,BCycle
Slbmnzq Btbdezs,Byoga
Slbmnzq Btbdezs,BDance
Baformj Acjlkvy,BBootcamp
Baformj Acjlkvy,BCycle
Baformj Acjlkvy,Byoga
Baformj Acjlkvy,BDance
Gdplqfb Rwnfoze,BBootcamp
Gdplqfb Rwnfoze,BCycle
Gdplqfb Rwnfoze,Byoga
Gdplqfb Rwnfoze,BDance
Fvjltdy Xsmijxg,BBootcamp
Fvjltdy Xsmijxg,BCycle
Fvjltdy Xsmijxg,Byoga
Fvjltdy Xsmijxg,BDance
Vdfbkei Eqwqbcx,BBootcamp
Vdfbkei Eqwqbcx,BCycle
Vdfbkei Eqwqbcx,Byoga
Vdfbkei Eqwqbcx,BDance
Auzapus Sxhohgg,BBootcamp
Auzapus Sxhohgg,BCycle
Auzapus Sxhohgg,Byoga
Auzapus Sxhohgg,BDance
Txydiez Mxfizng,BBootcamp
Txydiez Mxfizng,BCycle
Txydiez Mxfizng,Byoga
Txydiez Mxfizng,BDance
Qzttjgh Bcbutmm,BBootcamp
Qzttjgh Bcbutmm,BCycle
Qzttjgh Bcbutmm,Byoga
Qzttjgh Bcbutmm,BDance
Waenyhm Vhcnzbf,BBootcamp
Waenyhm Vhcnzbf,BCycle
Waenyhm Vhcnzbf,Byoga
Waenyhm Vhcnzbf,BDance
Ltnivnn Ormixfc,BBootcamp
Ltnivnn Ormixfc,BCycle
Ltnivnn Ormixfc,Byoga
Ltnivnn Ormixfc,BDance
Kixgovb Dkmrgtq,BBootcamp
Kixgovb Dkmrgtq,BCycle
Kixgovb Dkmrgtq,Byoga
Kixgovb Dkmrgtq,BDance
Vkfobco Ybuvjde,BBootcamp
Vkfobco Ybuvjde,BCycle
Vkfobco Ybuvjde,Byoga
Vkfobco Ybuvjde,BDance
Shqgycv Xyzyxwl,BBootcamp
Shqgycv Xyzyxwl,BCycle
Shqgycv Xyzyxwl,Byoga
Shqgycv Xyzyxwl,BDance
Rgsycfg Mrucxdz,BBootcamp
Rgsycfg Mrucxdz,BCycle
Rgsycfg Mrucxdz,Byoga
Rgsycfg Mrucxdz,BDance
Ypfamox Qghmcnz,BBootcamp
Ypfamox Qghmcnz,BCycle
Ypfamox Qghmcnz,Byoga
Ypfamox Qghmcnz,BDance
Hmbrwcr Mplxwqd,BBootcamp
Hmbrwcr Mplxwqd,BCycle
Hmbrwcr Mplxwqd,Byoga
Hmbrwcr Mplxwqd,BDance
Dhcgfxd Xmjuzcg,BBootcamp
Dhcgfxd Xmjuzcg,BCycle
Dhcgfxd Xmjuzcg,Byoga
Dhcgfxd Xmjuzcg,BDance
Lrrkunz Sfvuynj,BBootcamp
Lrrkunz Sfvuynj,BCycle
Lrrkunz Sfvuynj,Byoga
Lrrkunz Sfvuynj,BDance
Irfilit Juhjfla,BBootcamp
Irfilit Juhjfla,BCycle
Irfilit Juhjfla,Byoga
Irfilit Juhjfla,BDance
Muiwrqf Qqrtwum,BBootcamp
Muiwrqf Qqrtwum,BCycle
Muiwrqf Qqrtwum,Byoga
Muiwrqf Qqrtwum,BDance
Hphdcyx Jdgrqkg,BBootcamp
Hphdcyx Jdgrqkg,BCycle
Hphdcyx Jdgrqkg,Byoga
Hphdcyx Jdgrqkg,BDance
Iluswje Pouttls,BBootcamp
Iluswje Pouttls,BCycle
Iluswje Pouttls,Byoga
Iluswje Pouttls,BDance
Akxtrya Mphvkpb,BBootcamp
Akxtrya Mphvkpb,BCycle
Akxtrya Mphvkpb,Byoga
Akxtrya Mphvkpb,BDance
Fvjgsux Pyycmoi,BBootcamp
Fvjgsux Pyycmoi,BCycle
Fvjgsux Pyycmoi,Byoga
Fvjgsux Pyycmoi,BDance
Bulfgku Qdkegyk,BBootcamp
Bulfgku Qdkegyk,BCycle
Bulfgku Qdkegyk,Byoga
Bulfgku Qdkegyk,BDance
Pwxkndm Iitufgo,BBootcamp
Pwxkndm Iitufgo,BCycle
Pwxkndm Iitufgo,Byoga
Pwxkndm Iitufgo,BDance
Niqqpep Uhcklxk,BBootcamp
Niqqpep Uhcklxk,BCycle
Niqqpep Uhcklxk,Byoga
Niqqpep Uhcklxk,BDance
Miucsqu Amadldz,BBootcamp
Miucsqu Amadldz,BCycle
Miucsqu Amadldz,Byoga
Miucsqu Amadldz,BDance
Ylgeiou Euhuwbg,BBootcamp
Ylgeiou Euhuwbg,BCycle
Ylgeiou Euhuwbg,Byoga
Ylgeiou Euhuwbg,BDance
Xdcrywt Wowobdb,BBootcamp
Xdcrywt Wowobdb,BCycle
Xdcrywt Wowobdb,Byoga
Xdcrywt Wowobdb,BDance
Olxprzv Rbwmhvg,BBootcamp
Olxprzv Rbwmhvg,BCycle
Olxprzv Rbwmhvg,Byoga
Olxprzv Rbwmhvg,BDance
Ovtuqvz Gbynwvt,BBootcamp
Ovtuqvz Gbynwvt,BCycle
Ovtuqvz Gbynwvt,Byoga
Ovtuqvz Gbynwvt,BDance
Unajdhk Wsoydib,BBootcamp
Unajdhk Wsoydib,BCycle
Unajdhk Wsoydib,Byoga
Unajdhk Wsoydib,BDance
Anoiowz Ccfiemt,BBootcamp
Anoiowz Ccfiemt,BCycle
Anoiowz Ccfiemt,Byoga
Anoiowz Ccfiemt,BDance
Ymenldd Edlhdss,BBootcamp
Ymenldd Edlhdss,BCycle
Ymenldd Edlhdss,Byoga
Ymenldd Edlhdss,BDance
Tpihxou Lrjapgs,BBootcamp
Tpihxou Lrjapgs,BCycle
Tpihxou Lrjapgs,Byoga
Tpihxou Lrjapgs,BDance
Xqiabjr Qfcnkxx,BBootcamp
Xqiabjr Qfcnkxx,BCycle
Xqiabjr Qfcnkxx,Byoga
Xqiabjr Qfcnkxx,BDance
Qbpvyaj Glztjhh,BBootcamp
Qbpvyaj Glztjhh,BCycle
Qbpvyaj Glztjhh,Byoga
Qbpvyaj Glztjhh,BDance
Mpdcpdg Gacqktk,BBootcamp
Mpdcpdg Gacqktk,BCycle
Mpdcpdg Gacqktk,Byoga
Mpdcpdg Gacqktk,BDance
Agvhtym Qyghdlu,BBootcamp
Agvhtym Qyghdlu,BCycle
Agvhtym Qyghdlu,Byoga
Agvhtym Qyghdlu,BDance
Bjtqyth Aomyuyd,BBootcamp
Bjtqyth Aomyuyd,BCycle
Bjtqyth Aomyuyd,Byoga
Bjtqyth Aomyuyd,BDance
Ujuxqec Ahaxucq,BBootcamp
Ujuxqec Ahaxucq,BCycle
Ujuxqec Ahaxucq,Byoga
Ujuxqec Ahaxucq,BDance
Aayuxtj Lppbxfr,BBootcamp
Aayuxtj Lppbxfr,BCycle
Aayuxtj Lppbxfr,Byoga
Aayuxtj Lppbxfr,BDance
Abyfoia Shyylay,BBootcamp
Abyfoia Shyylay,BCycle
Abyfoia Shyylay,Byoga
Abyfoia Shyylay,BDance
Foqtozz Qioceqo,BBootcamp
Foqtozz Qioceqo,BCycle
Foqtozz Qioceqo,Byoga
Foqtozz Qioceqo,BDance
Iguqjyo Bpjipda,BBootcamp
Iguqjyo Bpjipda,BCycle
Iguqjyo Bpjipda,Byoga
Iguqjyo Bpjipda,BDance
Gvqzjdz Rbxnghu,BBootcamp
Gvqzjdz Rbxnghu,BCycle
Gvqzjdz Rbxnghu,Byoga
Gvqzjdz Rbxnghu,BDance
Fdnvymb Ffqqaxi,BBootcamp
Fdnvymb Ffqqaxi,BCycle
Fdnvymb Ffqqaxi,Byoga
Fdnvymb Ffqqaxi,BDance
Bmeloip Wqbrnxv,BBootcamp
Bmeloip Wqbrnxv,BCycle
Bmeloip Wqbrnxv,Byoga
Bmeloip Wqbrnxv,BDance
Tmzohkn Hznokca,BBootcamp
Tmzohkn Hznokca,BCycle
Tmzohkn Hznokca,Byoga
Tmzohkn Hznokca,BDance
Dhhxfae Jhrywna,BBootcamp
Dhhxfae Jhrywna,BCycle
Dhhxfae Jhrywna,Byoga
Dhhxfae Jhrywna,BDance
Uqaxhdd Rvanhqx,BBootcamp
Uqaxhdd Rvanhqx,BCycle
Uqaxhdd Rvanhqx,Byoga
Uqaxhdd Rvanhqx,BDance
Kzyrgct Zdrchet,BBootcamp
Kzyrgct Zdrchet,BCycle
Kzyrgct Zdrchet,Byoga
Kzyrgct Zdrchet,BDance
Vdtywpn Axfvdkh,BBootcamp
Vdtywpn Axfvdkh,BCycle
Vdtywpn Axfvdkh,Byoga
Vdtywpn Axfvdkh,BDance
Hmqyiay Xulltfd,BBootcamp
Hmqyiay Xulltfd,BCycle
Hmqyiay Xulltfd,Byoga
Hmqyiay Xulltfd,BDance
Jenqeqd Zxaozqs,BBootcamp
Jenqeqd Zxaozqs,BCycle
Jenqeqd Zxaozqs,Byoga
Jenqeqd Zxaozqs,BDance
Gihbvqj Jcngwxn,BBootcamp
Gihbvqj Jcngwxn,BCycle
Gihbvqj Jcngwxn,Byoga
Gihbvqj Jcngwxn,BDance
Psyjtjf Aivfqsj,BBootcamp
Psyjtjf Aivfqsj,BCycle
Psyjtjf Aivfqsj,Byoga
Psyjtjf Aivfqsj,BDance
Tqttuup Gjtftmd,BBootcamp
Tqttuup Gjtftmd,BCycle
Tqttuup Gjtftmd,Byoga
Tqttuup Gjtftmd,BDance
Qaefjps Tligfip,BBootcamp
Qaefjps Tligfip,BCycle
Qaefjps Tligfip,Byoga
Qaefjps Tligfip,BDance
Pmukvmu Dhqkzfh,BBootcamp
Pmukvmu Dhqkzfh,BCycle
Pmukvmu Dhqkzfh,Byoga
Pmukvmu Dhqkzfh,BDance
Tnqjghx Xdpymte,BBootcamp
Tnqjghx Xdpymte,BCycle
Tnqjghx Xdpymte,Byoga
Tnqjghx Xdpymte,BDance
Skswlix Frjkmbh,BBootcamp
Skswlix Frjkmbh,BCycle
Skswlix Frjkmbh,Byoga
Skswlix Frjkmbh,BDance
Brssnjm Ilqcymo,BBootcamp
Brssnjm Ilqcymo,BCycle
Brssnjm Ilqcymo,Byoga
Brssnjm Ilqcymo,BDance
Sjxbusm Hilikjg,BBootcamp
Sjxbusm Hilikjg,BCycle
Sjxbusm Hilikjg,Byoga
Sjxbusm Hilikjg,BDance
Kksxpag Rgawpzp,BBootcamp
Kksxpag Rgawpzp,BCycle
Kksxpag Rgawpzp,Byoga
Kksxpag Rgawpzp,BDance
Hnlryxm Hkoohwl,BBootcamp
Hnlryxm Hkoohwl,BCycle
Hnlryxm Hkoohwl,Byoga
Hnlryxm Hkoohwl,BDance
Hgcufxc Lwrmidt,BBootcamp
Hgcufxc Lwrmidt,BCycle
Hgcufxc Lwrmidt,Byoga
Hgcufxc Lwrmidt,BDance
Qnyxcxb Mcszjnz,BBootcamp
Qnyxcxb Mcszjnz,BCycle
Qnyxcxb Mcszjnz,Byoga
Qnyxcxb Mcszjnz,BDance
Zmwbicn Cygsvej,BBootcamp
Zmwbicn Cygsvej,BCycle
Zmwbicn Cygsvej,Byoga
Zmwbicn Cygsvej,BDance
Yyvygth Routsql,BBootcamp
Yyvygth Routsql,BCycle
Yyvygth Routsql,Byoga
Yyvygth Routsql,BDance
Brkccgu Wjwbkfv,BBootcamp
Brkccgu Wjwbkfv,BCycle
Brkccgu Wjwbkfv,Byoga
Brkccgu Wjwbkfv,BDance
Hodsynt Rhaixjx,BBootcamp
Hodsynt Rhaixjx,BCycle
Hodsynt Rhaixjx,Byoga
Hodsynt Rhaixjx,BDance
Ajnfucl Mrfkges,BBootcamp
Ajnfucl Mrfkges,BCycle
Ajnfucl Mrfkges,Byoga
Ajnfucl Mrfkges,BDance
Ucvlwce Hafaxqs,BBootcamp
Ucvlwce Hafaxqs,BCycle
Ucvlwce Hafaxqs,Byoga
Ucvlwce Hafaxqs,BDance
Scxqtlm Azllpgd,BBootcamp
Scxqtlm Azllpgd,BCycle
Scxqtlm Azllpgd,Byoga
Scxqtlm Azllpgd,BDance
Guisilb Umbtcue,BBootcamp
Guisilb Umbtcue,BCycle
Guisilb Umbtcue,Byoga
Guisilb Umbtcue,BDance
Huoewsk Atjbbil,BBootcamp
Huoewsk Atjbbil,BCycle
Huoewsk Atjbbil,Byoga
Huoewsk Atjbbil,BDance
Mannmsn Vztsshy,BBootcamp
Mannmsn Vztsshy,BCycle
Mannmsn Vztsshy,Byoga
Mannmsn Vztsshy,BDance
Khqdjag Pxciqeh,BBootcamp
Khqdjag Pxciqeh,BCycle
Khqdjag Pxciqeh,Byoga
Khqdjag Pxciqeh,BDance
Ujnnfrw Jjqwoqc,BBootcamp
Ujnnfrw Jjqwoqc,BCycle
Ujnnfrw Jjqwoqc,Byoga
Ujnnfrw Jjqwoqc,BDance
Rmzxwjb Ylqbvzd,BBootcamp
Rmzxwjb Ylqbvzd,BCycle
Rmzxwjb Ylqbvzd,Byoga
Rmzxwjb Ylqbvzd,BDance
Vrrzpoo Omvlqkz,BBootcamp
Vrrzpoo Omvlqkz,BCycle
Vrrzpoo Omvlqkz,Byoga
Vrrzpoo Omvlqkz,BDance
