Nome,Treino
Ana Souza,Costas e Bíceps
Bruno Lima,Costas e Bíceps
Carlos Mendes,Costas e Bíceps
Daniela Rocha,Peito e Tríceps
Eduardo Silva,Costas e Bíceps
Fernanda Alves,Costas e Bíceps
Gabriel Costa,Costas e Bíceps
Helena Martins,Costas e Bíceps
Igor Santos,Peito e Tríceps
Juliana Dias,Perna
Karen Oliveira,Perna
Lucas Pereira,Costas e Bíceps
Mariana Ribeiro,Perna
Nicolas Ferreira,Costas e Bíceps
Olivia Castro,Perna
Paulo Teixeira,Perna
Quésia Nogueira,Perna
Rafael Monteiro,Perna
Sara Lima,Peito e Tríceps
Tiago Cunha,Peito e Tríceps
Ursula Tavares,Costas e Bíceps
Vinícius Barbosa,Peito e Tríceps
Wesley Rocha,Peito e Tríceps
Xênia Gomes,Perna
Yuri Cardoso,Peito e Tríceps
Zuleica Neves,Perna
Arthur Almeida,Perna
Beatriz Farias,Perna
Caio Andrade,Perna
Diana Vieira,Peito e Tríceps
Elisa Fernandes,Perna
Felipe Duarte,Peito e Tríceps
Giovana Ramos,Peito e Tríceps
Henrique Brito,Costas e Bíceps
Isabela Lopes,Perna
João Victor,Perna
Kleber Nunes,Peito e Tríceps
Larissa Pires,Costas e Bíceps
Matheus Antunes,Peito e Tríceps
Natália Mello,Costas e Bíceps
Otávio Falcão,Perna
Priscila Gama,Perna
Renato Luz,Peito e Tríceps
Sabrina Rezende,Perna
Túlio Mendes,Peito e Tríceps
Vera Lúcia,Peito e Tríceps
William Souza,Peito e Tríceps
Xavier Mendes,Perna
Yasmin Torres,Perna
Zeca Fonseca,Perna
Priscila Gama,Perna
Nicolas Ferreira,Perna
Tiago Cunha,Perna
Ana Souza,Peito e Tríceps
Arthur Almeida,Costas e Bíceps
Fernanda Alves,Peito e Tríceps
Carlos Mendes,Peito e Tríceps
Wesley Rocha,Perna
William Souza,Costas e Bíceps
Renato Luz,Perna
Vinícius Barbosa,Perna
Daniela Rocha,Peito e Tríceps
Giovana Ramos,Costas e Bíceps
Yuri Cardoso,Perna
João Victor,Peito e Tríceps
Elisa Fernandes,Perna
Zuleica Neves,Costas e Bíceps
Larissa Pires,Peito e Tríceps
Matheus Antunes,Perna
Diana Vieira,Perna
Sabrina Rezende,Costas e Bíceps
Lucas Pereira,Perna
Rafael Monteiro,Costas e Bíceps
Isabela Lopes,Costas e Bíceps
Zeca Fonseca,Costas e Bíceps
Henrique Brito,Peito e Tríceps
Túlio Mendes,Costas e Bíceps
Xênia Gomes,Peito e Tríceps
Kleber Nunes,Perna
Karen Oliveira,Peito e Tríceps
Beatriz Farias,Peito e Tríceps
Quésia Nogueira,Costas e Bíceps
Xavier Mendes,Costas e Bíceps
Yasmin Torres,Peito e Tríceps
Bruno Lima,Perna
Helena Martins,Peito e Tríceps
Sara Lima,Costas e Bíceps
Olivia Castro,Costas e Bíceps
Juliana Dias,Peito e Tríceps
Otávio Falcão,Peito e Tríceps
Felipe Duarte,Peito e Tríceps
Mariana Ribeiro,Peito e Tríceps
Igor Santos,Peito e Tríceps
Ursula Tavares,Peito e Tríceps
Caio Andrade,Costas e Bíceps
Gabriel Costa,Perna
Natália Mello,Perna
Eduardo Silva,Costas e Bíceps
Vera Lúcia,Perna
Paulo Teixeira,Costas e Bíceps
