Nome,Modalidade
Helena Martins,BDance
Mariana Ribeiro,Byoga
Quésia Nogueira,BDance
Ana Souza,BCycle
Vinícius Barbosa,BDance
Henrique Brito,BDance
Isabela Lopes,BBootcamp
Eduardo Silva,BDance
Nicolas Ferreira,BCycle
Rafael Monteiro,BCycle
Natália Mello,BBootcamp
Wesley Rocha,BDance
Yasmin Torres,BBootcamp
Ursula Tavares,BBootcamp
Matheus Antunes,BDance
Zeca Fonseca,BCycle
Karen Oliveira,BBootcamp
Elisa Fernandes,BCycle
Yuri Cardoso,BCycle
Juliana Dias,BDance
Otávio Falcão,Byoga
Bruno Lima,BCycle
Xênia Gomes,BBootcamp
Arthur Almeida,BCycle
Diana Vieira,Byoga
Lucas Pereira,BCycle
Igor Santos,BCycle
Vera Lúcia,BCycle
Zuleica Neves,BBootcamp
Felipe Duarte,BDance
Giovana Ramos,BBootcamp
William Souza,BDance
Beatriz Farias,Byoga
Priscila Gama,BBootcamp
Renato Luz,BDance
Paulo Teixeira,BBootcamp
Tiago Cunha,BBootcamp
Caio Andrade,BCycle
Larissa Pires,BCycle
João Victor,Byoga
Túlio Mendes,BCycle
Fernanda Alves,BCycle
Carlos Mendes,BBootcamp
Sabrina Rezende,Byoga
Daniela Rocha,Byoga
Olivia Castro,BCycle
Sara Lima,BCycle
Xavier Mendes,BCycle
Gabriel Costa,BDance
Kleber Nunes,BDance
