Nome,Modalidade
Mhmidoq Bcvyito,Byoga
Ermrgij Rjfqifx,BDance
Gfcztci Owyritb,BBootcamp
Ijkwcto Gjgwkdk,BBootcamp
Ymtbsfn Ddvvjrc,BCycle
Xndavry Pvgbwju,BDance
Gxisjws Ghdbsvk,Byoga
Yavttqd Hetsctm,Byoga
Rsjoboc Wxvqouq,BCycle
Qiaxfwm Eizekdu,BCycle
Hkfhaaq Mghjbql,BBootcamp
Ncwbuxv Cuznzzj,BDance
Ejsjooj Gslnpfi,BCycle
Mbjgvwm Iurnzwx,BBootcamp
Vsbychn Iqmjfij,BBootcamp
Mwdxrfj Ijahluo,Byoga
Ochcxzt Kaeuiwu,BDance
Dsdxope Xyleeut,BBootcamp
Udqjraj Aajecln,BCycle
Wxvifma Srtvehh,BCycle
Zuhfusr Agedyhr,BDance
Dcmyagy Mcgigkp,BBootcamp
Sgfumzk Qtgpkpe,BDance
Stspipr Lbwqdad,BBootcamp
Oydijae Yskpqay,BDance
Eoaqlkn Waotzxt,Byoga
Wyeqzwj Mxhhmlf,BCycle
Cbamztr Tgcgcdf,Byoga
Odywszu Hufhvai,BBootcamp
Chfqzib Cobwnar,BBootcamp
Yvlqeeq Qkrtjqo,BDance
Jiriakg Hzocyol,BDance
Nffloaz Duiuphn,BDance
Kjbwttc Brjfecc,BCycle
Ovxgomh Ipqprhh,BBootcamp
Hgadcww Uurzjng,BCycle
Vdloxuq Habheef,BDance
Ukujkjg Nzkuvey,BBootcamp
Uwrswyu Uqizdzd,BCycle
Szueqwk Ubwfkns,BBootcamp
Gxdqowa Eqodymq,BCycle
Rlkglqp Idwajcq,Byoga
Kxzggon Umiyjuw,BDance
Ocnzpdc Yqtpbbo,BCycle
Uxepiro Epnzgbt,BDance
Otbclwl Oemfmor,BBootcamp
Rozahyy Umdespz,BDance
Fulsvqw Vakeons,BDance
Vbacyil Ttrcear,BBootcamp
Tintucf Azxihga,BBootcamp
Srdulhx Nqisepg,BBootcamp
Uurkamm Ykhqasa,BDance
Hjyqrhg Pqcsnbj,BCycle
Uunxhlc Mfmqofk,Byoga
Lzolexp Fuwhhee,BDance
Pulzzeo Kyojnpi,Byoga
Lceopcw Mmefwwv,BDance
Yeglpzd Tcnulyk,BDance
Bbnnhms Uhelnxc,BCycle
Myvsdww Qkyiunb,BBootcamp
Tebncdt Vwgdamf,Byoga
Zknwtkg Kbrihxc,Byoga
Amsjjaw Htoscna,Byoga
Ezbmrqh Jhrzaij,Byoga
Iuaqvum Riybvxa,Byoga
Xmorhwn Knnwdsk,BBootcamp
Nnwfysi Wtjedvf,BDance
Pvpwkfx Vajsejt,Byoga
Osmmdle Cgwsaft,BDance
Bmsitys Annqhlv,BCycle
Liiwstc Hjyifdd,BBootcamp
Ipwqbov Eyyvtst,BBootcamp
Hqveyid Pkajyhl,BDance
Whslonq Ljrgsgq,BCycle
Xvtnotc Xkhkshi,Byoga
Rqcymmo Owehago,BDance
Yebgcro Fzfrcun,BDance
Chsfxxu Rkpacim,BBootcamp
Asgieqi Lvnmzyt,BDance
Ptzepjg Qvaqddm,BDance
Pdvnzmt Xfpvstn,BCycle
Nqeqpuy Ezubvtl,BDance
Znckwua Plrspze,Byoga
Ehmzucn Snlvjlf,Byoga
Boptzgd Amzmqkk,BBootcamp
Xzyelao Snvrrcg,BBootcamp
Ozicvtj Fdzrsto,Byoga
Rajozdk Dwfxypi,Byoga
Mgzcxop Sgshupr,BCycle
Aitqvpj Udakrhl,BBootcamp
Coqykwn Dwxsepi,BCycle
Bubebja Xecqyqh,Byoga
Erhlbgd Dzdxdqr,BBootcamp
Kqirpkf Wbtywbi,BCycle
Aouvnoh Qojzwnt,BDance
Lpkcaba Xgacusn,BCycle
Bolvsde Wxqeaqi,BCycle
Mrjxlau Dacqfdf,BBootcamp
Gohqdwj Mawtkan,BDance
Kfpigge Wjezyav,Byoga
Chbykbm Foqwdyt,Byoga
Vdkfkgm Vmubpyy,BBootcamp
Owfsvat Ofvlrgy,BDance
Ltkjlrg Qnrcqgf,BBootcamp
Moewpfw Rnanqxv,BBootcamp
Nooogfz Iibmxtd,BBootcamp
Rfqkpyh Fqkibzu,BBootcamp
Xrcpkrf Igilrqw,BCycle
Kqyeeri Bjopjvd,BCycle
Ovwyzzk Tbsebcm,Byoga
Hirokpy Owrlfrb,BCycle
Egccaxk Nngwqqw,BDance
Hpmfdpy Otfyyer,BBootcamp
Ugecdqv Smsiggk,BDance
Liicega Xvxakpn,BDance
Qxbugyk Cyllaxy,Byoga
Hlcsagh Htqcbpq,BDance
Gmkbqny Aihycbm,BDance
Tgkzhcl Dignqrl,BBootcamp
Rrnnfgr Qruqrto,Byoga
Nlrcivy Hqobeml,BBootcamp
Uwurual Cukarwt,BBootcamp
Qibwtxk Nbtapqh,Byoga
Skuhwhj Isvddwo,Byoga
Jzufbbx Zxuzrzw,BBootcamp
Peukcaw Vorvypr,BBootcamp
Warsojh Jrdwabz,Byoga
Trxxktk Pyeufel,Byoga
Fwmikuj Quoksoq,BDance
Xxgmuup Wjhzyho,BBootcamp
Qpgcmaj Skeaggp,Byoga
Dpcvuor Rkvhykb,Byoga
Oeqbmwl Auhqqwu,BDance
Uxuyoir Tuosrom,BCycle
Yiaxwaj Ulqnxky,BCycle
Vzeeaun Ylgnupc,Byoga
Mawltwq Rgvjtyq,BDance
Cpvuwxg Ihwgvzv,BCycle
Yndwzlw Tjldbpi,BCycle
Vvednfx Kupghry,BCycle
Mfxjape Plfulpu,BDance
Arpueil Rieloog,BCycle
Tuirwjc Rukijxc,BDance
Athjwfw Avkssvo,BBootcamp
Svfetqh Lxzvqdj,Byoga
Ouvmksn Gyglsgi,BCycle
Fmnjvcd Pjysuxo,BBootcamp
Ddffomn Grrimep,BDance
Hsdvwla Kigzuuc,BBootcamp
Bwzkpiz Bmyiyir,BDance
Godpcts Gjzzqbc,BDance
Ollgeas Igvynps,BCycle
Awhxrzn Ivosoom,BCycle
Gcdetcw Pqvtvqm,Byoga
Zlspczw Payrhbn,BDance
Mhkizmg Ivailxv,BCycle
Ebzfozd Zcyzqoc,BCycle
Oozywwx Imcczsk,BBootcamp
Iddhivw Fqzprzu,BDance
Zeplkfz Bxshcgm,BBootcamp
Yivzhyr Qkkchon,BBootcamp
Zbxirfy Huybamk,Byoga
Wwcjlfc Egkrmei,BCycle
Rwirkjd Rheuwbx,BCycle
Xtbdesl Lzvhzfn,BBootcamp
Knwlesz Uetncfk,BBootcamp
Ewcjsdb Ovrjzle,Byoga
Jbqpzfv Manmyeb,BBootcamp
Vnoiomf Rjhsdpn,BBootcamp
Icqkqqh Nfeypwi,BDance
Hlvhrlj Knonvfv,BCycle
Efxnoma Exvclik,BDance
Wskuigu Rodnpll,BBootcamp
Hsdegpn Mchypii,BDance
Gvhhqvi Talgtux,BDance
Uxkzfuf Xnesbux,Byoga
Ombhzwc Qmwball,BDance
Indurjy Fboxiwk,BBootcamp
Xqpzwct Hkyzvdl,BDance
Toahejr Tdhrgem,BDance
Vhwyvmx Mrbnyby,BDance
Fayxesq Wznezvr,BDance
Prhthlv Ywdlzcm,BCycle
Mcufalu Htwnnvr,Byoga
Gdodnmg Lxrgung,BBootcamp
Axjkhfo Kwiyimt,BDance
Psdoqex Nqejusu,BDance
Jjrxaiz Rnpmvsd,BDance
Bdesfix Uwofitg,Byoga
Ysuzusz Uzsfvrk,BBootcamp
Qfcoowf Yxdbfyg,BDance
Bdvagqt Gaupcig,BCycle
Vobyqtl Mrwrexs,BCycle
Jjmdovg Ryiasva,BDance
Udnrkrz Djjimru,BCycle
Uvwrlig Browtnm,BCycle
Giyajqn Mridhnt,BCycle
Yqnhejq Jssljje,BDance
Snjlcyc Gxlqlpn,BDance
Ivnadlu Sswburk,BCycle
Lsxhlqe Vsijfpn,BCycle
