Nome,Treino
Lsxhlqe Vsijfpn,Peito e Tríceps
Fisliqp Aezccjq,Peito e Tríceps
Fyufybr Xpmaidw,Costas e Bíceps
Omubzja Oexenuf,Costas e Bíceps
Wuxxvks Bubydzt,Peito e Tríceps
Gwfwidl Wxjnxbi,Perna
Pesyrmr Mcvzzhi,Peito e Tríceps
Jxtkbrx Uvghzee,Perna
Hwocwvt Prexpdf,Perna
Scvfytp Wboppex,Peito e Tríceps
Lbeweqr Rsgmhwv,Perna
Burrvxf Dhwebqa,Costas e Bíceps
Oatlcse Rnttnev,Costas e Bíceps
Dbkgeih Ddvyumf,Peito e Tríceps
Yrgupld Mccwrlu,Costas e Bíceps
Zgnmtri Knumbdu,Peito e Tríceps
Jxtkbrx Uvghzee,Perna
Pesyrmr Mcvzzhi,Costas e Bíceps
Qobzyoj Djcuayp,Peito e Tríceps
Efkyeys Yknjmct,Perna
Nmkucpn Ughltkr,Peito e Tríceps
Uforexv Mehwtbf,Costas e Bíceps
Iwjgkzi Fgcsfqc,Peito e Tríceps
Pucniie Mtyzgwj,Peito e Tríceps
Swxbxrp Odthreh,Costas e Bíceps
Lqvahsl Pjtwnti,Costas e Bíceps
Xnmzyrs Ovvtivq,Costas e Bíceps
Nuenenb Dduwfml,Costas e Bíceps
Qeoqudy Qdxhqkl,Peito e Tríceps
Lobabvf Khtsxmh,Costas e Bíceps
Uforexv Mehwtbf,Costas e Bíceps
Ckarocz Ehdrweu,Costas e Bíceps
Ssfgfbu Luvasca,Costas e Bíceps
Tihclxj Petclyn,Costas e Bíceps
Szqkivm Gzrhnwb,Peito e Tríceps
Awtvlrc Nblmrva,Perna
Qgzarek Hcqukze,Perna
Jejffoo Okjmavz,Peito e Tríceps
Cjtoimv Wrajdxp,Perna
Qbaqvrd Dolfomk,Costas e Bíceps
Nknugsc Yedteuh,Peito e Tríceps
Vdsyoeg Arvfpkw,Peito e Tríceps
Kqvgjdl Bunoqzu,Perna
Lsoxabj Xeerslt,Perna
Kunfxvn Rnzeaul,Perna
Bctwsbz Khsuicq,Perna
Wuubgua Ctrwdgz,Perna
Jsfeygz Attyoka,Perna
Kunfxvn Rnzeaul,Peito e Tríceps
Mqvcuic Adwegvj,Costas e Bíceps
Zqmzmfm Dkqzrhu,Costas e Bíceps
Kuqnojq Lhnggfo,Perna
Dwtetep Ozbxyso,Perna
Hdcwmyd Mktnwjf,Peito e Tríceps
Nrgxmqr Eklduvf,Costas e Bíceps
Vbeiaff Ggkyabo,Perna
Npqemqq Lncuhtf,Costas e Bíceps
Ehhcrkf Ryeualj,Perna
Bvojlzo Dblbizo,Perna
Mahprcx Kykklzb,Peito e Tríceps
Yncwfiv Mbkocbm,Peito e Tríceps
Kdliucu Ogergid,Costas e Bíceps
Ylrxtsu Hidusof,Perna
Sziozyb Zsjpens,Peito e Tríceps
Zhokngc Dhmmdda,Peito e Tríceps
Ofrydxm Qfobmii,Costas e Bíceps
Swxbxrp Odthreh,Perna
Hstxxda Nsyfgvv,Peito e Tríceps
Cfzdmid Diztnac,Peito e Tríceps
Njglkif Njaoydn,Costas e Bíceps
Ycaukjn Bblhxyy,Costas e Bíceps
Sziozyb Zsjpens,Costas e Bíceps
Izfbbuo Karkfek,Costas e Bíceps
Zmddzcf Sudijud,Perna
Kuqnojq Lhnggfo,Perna
Kdliucu Ogergid,Peito e Tríceps
Nuenenb Dduwfml,Peito e Tríceps
Wqflacc Shdikoi,Peito e Tríceps
Lwrifjg Ihqkvju,Peito e Tríceps
Jiwghpa Ktriusx,Costas e Bíceps
Hstxxda Nsyfgvv,Perna
Zhawept Eqbsyoa,Costas e Bíceps
Okqzxip Zkizqsj,Perna
Jsfeygz Attyoka,Costas e Bíceps
Okqzxip Zkizqsj,Peito e Tríceps
Kftyqpj Rxbcdde,Peito e Tríceps
Urvgvsh Iawhoki,Peito e Tríceps
Slkypwk Bkqhyxy,Peito e Tríceps
Yncwfiv Mbkocbm,Peito e Tríceps
Ofrydxm Qfobmii,Peito e Tríceps
Goiyxnn Jbqbond,Peito e Tríceps
Fhuilja Iezqdez,Perna
Pqkyira Miylhfb,Perna
Swxbxrp Odthreh,Perna
Npqemqq Lncuhtf,Peito e Tríceps
Kloembc Pafczfl,Costas e Bíceps
Lbeweqr Rsgmhwv,Costas e Bíceps
Lobabvf Khtsxmh,Peito e Tríceps
Eakcphs Pzwfqng,Perna
Wcblngt Bkowpbe,Costas e Bíceps
Yxafqfg Pzaxqkl,Perna
Qcydgyv Pswgcqx,Costas e Bíceps
Qgzarek Hcqukze,Peito e Tríceps
Pvqyqqa Nnbqgss,Peito e Tríceps
Asubkgt Hmuqdfh,Peito e Tríceps
Bhatfes Tfumcbr,Costas e Bíceps
Zpnzhaf Ykueyzi,Perna
Cjtoimv Wrajdxp,Perna
Ssfgfbu Luvasca,Peito e Tríceps
Dvknuzm Wxvpmko,Perna
Juqamtf Kontbtn,Costas e Bíceps
Mdhsrwy Azwiyuf,Perna
Okqzxip Zkizqsj,Peito e Tríceps
Nrgxmqr Eklduvf,Peito e Tríceps
Zqmzmfm Dkqzrhu,Perna
Efkyeys Yknjmct,Perna
Nknugsc Yedteuh,Perna
Cfzdmid Diztnac,Peito e Tríceps
Jgtulas Eifvmfn,Costas e Bíceps
Nrgxmqr Eklduvf,Peito e Tríceps
Azfhfpy Lfkexxw,Perna
Ammuyln Taguykz,Costas e Bíceps
Ytxudnr Hdrzrwo,Perna
Hstxxda Nsyfgvv,Costas e Bíceps
Ammuyln Taguykz,Perna
Jyyjlob Qiqtfas,Costas e Bíceps
Rxkwyts Xrirptz,Costas e Bíceps
Lgloozg Chappan,Costas e Bíceps
Npqemqq Lncuhtf,Peito e Tríceps
Mdhsrwy Azwiyuf,Perna
Slkypwk Bkqhyxy,Costas e Bíceps
Dbkgeih Ddvyumf,Costas e Bíceps
Wkflmvq Cbvucrd,Costas e Bíceps
Hxeqavt Mvvypee,Costas e Bíceps
Xgtlauz Fppiqvz,Costas e Bíceps
Gdthxkn Fqyvpjk,Perna
Liwuvtz Xapwkax,Costas e Bíceps
Uforexv Mehwtbf,Peito e Tríceps
Lbeweqr Rsgmhwv,Peito e Tríceps
Zgswcih Nmurhrv,Peito e Tríceps
Wuubgua Ctrwdgz,Perna
Kftyqpj Rxbcdde,Perna
Pucniie Mtyzgwj,Perna
Zhokngc Dhmmdda,Costas e Bíceps
Xmiskcf Ddwigmt,Peito e Tríceps
Fkbzlro Xjddbai,Peito e Tríceps
Drefyli Mutndwj,Costas e Bíceps
Kftyqpj Rxbcdde,Peito e Tríceps
Drefyli Mutndwj,Peito e Tríceps
Fisliqp Aezccjq,Peito e Tríceps
Egloagm Nhejxcw,Perna
Zihbgcq Ezjstcd,Perna
Dwtetep Ozbxyso,Peito e Tríceps
Fzhjjck Bnysrmy,Costas e Bíceps
Faxmoox Yazjxuh,Costas e Bíceps
Vdsyoeg Arvfpkw,Perna
Omubzja Oexenuf,Costas e Bíceps
Ytjrnfi Yactnyn,Perna
Ctyptmp Pragqaw,Perna
Jiwghpa Ktriusx,Costas e Bíceps
Egloagm Nhejxcw,Costas e Bíceps
Kunfxvn Rnzeaul,Peito e Tríceps
Yxafqfg Pzaxqkl,Peito e Tríceps
Mpuqcpm Bnpuatd,Peito e Tríceps
Izfbbuo Karkfek,Perna
Vypncfn Yqaavbh,Perna
Cryztjy Rztzyat,Costas e Bíceps
Qeoqudy Qdxhqkl,Peito e Tríceps
Rthqqaq Ebbyadl,Costas e Bíceps
Slbmnzq Btbdezs,Costas e Bíceps
Asubkgt Hmuqdfh,Costas e Bíceps
Lwrifjg Ihqkvju,Peito e Tríceps
Kdliucu Ogergid,Peito e Tríceps
Ytxudnr Hdrzrwo,Perna
Baformj Acjlkvy,Peito e Tríceps
Gdplqfb Rwnfoze,Costas e Bíceps
Fvjltdy Xsmijxg,Perna
Ylrxtsu Hidusof,Peito e Tríceps
Vdfbkei Eqwqbcx,Peito e Tríceps
Njglkif Njaoydn,Costas e Bíceps
Qobzyoj Djcuayp,Peito e Tríceps
Dbkgeih Ddvyumf,Peito e Tríceps
Xmiskcf Ddwigmt,Perna
Jxtkbrx Uvghzee,Peito e Tríceps
Auzapus Sxhohgg,Perna
Txydiez Mxfizng,Perna
Dwtetep Ozbxyso,Peito e Tríceps
Qzttjgh Bcbutmm,Perna
Jiwghpa Ktriusx,Perna
Njglkif Njaoydn,Perna
Xgtlauz Fppiqvz,Perna
Eakcphs Pzwfqng,Costas e Bíceps
Waenyhm Vhcnzbf,Costas e Bíceps
Ltnivnn Ormixfc,Peito e Tríceps
Kixgovb Dkmrgtq,Perna
Zpnzhaf Ykueyzi,Peito e Tríceps
Gwfwidl Wxjnxbi,Costas e Bíceps
Fhuilja Iezqdez,Costas e Bíceps
Vkfobco Ybuvjde,Peito e Tríceps
Shqgycv Xyzyxwl,Peito e Tríceps
Rgsycfg Mrucxdz,Perna
Ypfamox Qghmcnz,Peito e Tríceps
Bctwsbz Khsuicq,Perna
Hdcwmyd Mktnwjf,Peito e Tríceps
Hxeqavt Mvvypee,Costas e Bíceps
Hmbrwcr Mplxwqd,Perna
Mpuqcpm Bnpuatd,Perna
Dhcgfxd Xmjuzcg,Perna
Zgswcih Nmurhrv,Perna
Lrrkunz Sfvuynj,Perna
Irfilit Juhjfla,Perna
Muiwrqf Qqrtwum,Costas e Bíceps
Kuqnojq Lhnggfo,Perna
Dhcgfxd Xmjuzcg,Peito e Tríceps
Hphdcyx Jdgrqkg,Costas e Bíceps
Njglkif Njaoydn,Costas e Bíceps
Kqvgjdl Bunoqzu,Perna
Gdthxkn Fqyvpjk,Perna
Vbeiaff Ggkyabo,Peito e Tríceps
Gdthxkn Fqyvpjk,Costas e Bíceps
Ofrydxm Qfobmii,Perna
Iluswje Pouttls,Perna
Ssfgfbu Luvasca,Costas e Bíceps
Akxtrya Mphvkpb,Perna
Fvjgsux Pyycmoi,Peito e Tríceps
Bulfgku Qdkegyk,Peito e Tríceps
Pwxkndm Iitufgo,Peito e Tríceps
Mdhsrwy Azwiyuf,Perna
Qcydgyv Pswgcqx,Peito e Tríceps
Niqqpep Uhcklxk,Peito e Tríceps
Miucsqu Amadldz,Perna
Lqvahsl Pjtwnti,Peito e Tríceps
Ylgeiou Euhuwbg,Peito e Tríceps
Urvgvsh Iawhoki,Costas e Bíceps
Ytxudnr Hdrzrwo,Perna
Swxbxrp Odthreh,Costas e Bíceps
Szqkivm Gzrhnwb,Perna
Miucsqu Amadldz,Costas e Bíceps
Xdcrywt Wowobdb,Costas e Bíceps
Bhatfes Tfumcbr,Costas e Bíceps
Olxprzv Rbwmhvg,Costas e Bíceps
Olxprzv Rbwmhvg,Costas e Bíceps
Ovtuqvz Gbynwvt,Peito e Tríceps
Unajdhk Wsoydib,Perna
Anoiowz Ccfiemt,Peito e Tríceps
Rxkwyts Xrirptz,Costas e Bíceps
Rthqqaq Ebbyadl,Costas e Bíceps
Yxafqfg Pzaxqkl,Costas e Bíceps
Hmbrwcr Mplxwqd,Peito e Tríceps
Ctyptmp Pragqaw,Costas e Bíceps
Ymenldd Edlhdss,Peito e Tríceps
Vdfbkei Eqwqbcx,Perna
Bhatfes Tfumcbr,Costas e Bíceps
Burrvxf Dhwebqa,Costas e Bíceps
Tihclxj Petclyn,Peito e Tríceps
Tpihxou Lrjapgs,Costas e Bíceps
Juqamtf Kontbtn,Perna
Xqiabjr Qfcnkxx,Costas e Bíceps
Yrgupld Mccwrlu,Costas e Bíceps
Lsoxabj Xeerslt,Perna
Wuubgua Ctrwdgz,Costas e Bíceps
Miucsqu Amadldz,Costas e Bíceps
Iluswje Pouttls,Costas e Bíceps
Qbpvyaj Glztjhh,Perna
Qcydgyv Pswgcqx,Costas e Bíceps
Ylgeiou Euhuwbg,Costas e Bíceps
Zqmzmfm Dkqzrhu,Perna
Wcblngt Bkowpbe,Costas e Bíceps
Jxtkbrx Uvghzee,Costas e Bíceps
Qbaqvrd Dolfomk,Costas e Bíceps
Nuenenb Dduwfml,Peito e Tríceps
Txydiez Mxfizng,Costas e Bíceps
Ltnivnn Ormixfc,Costas e Bíceps
Oatlcse Rnttnev,Costas e Bíceps
Mpdcpdg Gacqktk,Costas e Bíceps
Qcydgyv Pswgcqx,Peito e Tríceps
Qobzyoj Djcuayp,Perna
Lgloozg Chappan,Costas e Bíceps
Wuxxvks Bubydzt,Costas e Bíceps
Agvhtym Qyghdlu,Costas e Bíceps
Bjtqyth Aomyuyd,Costas e Bíceps
Irfilit Juhjfla,Peito e Tríceps
Qcydgyv Pswgcqx,Perna
Bhatfes Tfumcbr,Perna
Ovtuqvz Gbynwvt,Costas e Bíceps
Ehhcrkf Ryeualj,Peito e Tríceps
Ujuxqec Ahaxucq,Peito e Tríceps
Fyufybr Xpmaidw,Costas e Bíceps
Pqkyira Miylhfb,Perna
Dvknuzm Wxvpmko,Costas e Bíceps
Bhatfes Tfumcbr,Costas e Bíceps
Eakcphs Pzwfqng,Perna
Yrgupld Mccwrlu,Peito e Tríceps
Aayuxtj Lppbxfr,Perna
Scvfytp Wboppex,Perna
Asubkgt Hmuqdfh,Peito e Tríceps
Wuubgua Ctrwdgz,Perna
Eakcphs Pzwfqng,Peito e Tríceps
Kqvgjdl Bunoqzu,Peito e Tríceps
Miucsqu Amadldz,Costas e Bíceps
Vdsyoeg Arvfpkw,Perna
Vkfobco Ybuvjde,Costas e Bíceps
Dwtetep Ozbxyso,Costas e Bíceps
Zmddzcf Sudijud,Perna
Abyfoia Shyylay,Perna
Waenyhm Vhcnzbf,Peito e Tríceps
Rxkwyts Xrirptz,Perna
Hstxxda Nsyfgvv,Perna
Niqqpep Uhcklxk,Costas e Bíceps
Zmddzcf Sudijud,Peito e Tríceps
Fzhjjck Bnysrmy,Peito e Tríceps
Lwrifjg Ihqkvju,Costas e Bíceps
Foqtozz Qioceqo,Costas e Bíceps
Fzhjjck Bnysrmy,Perna
Cryztjy Rztzyat,Peito e Tríceps
Iguqjyo Bpjipda,Peito e Tríceps
Zgnmtri Knumbdu,Perna
Vbeiaff Ggkyabo,Perna
Rxkwyts Xrirptz,Peito e Tríceps
Njglkif Njaoydn,Perna
Qeoqudy Qdxhqkl,Peito e Tríceps
Gvqzjdz Rbxnghu,Perna
Kftyqpj Rxbcdde,Costas e Bíceps
Cfzdmid Diztnac,Perna
Mqvcuic Adwegvj,Costas e Bíceps
Mahprcx Kykklzb,Perna
Jyyjlob Qiqtfas,Perna
Hwocwvt Prexpdf,Peito e Tríceps
Dbkgeih Ddvyumf,Peito e Tríceps
Lgloozg Chappan,Costas e Bíceps
Unajdhk Wsoydib,Costas e Bíceps
Fdnvymb Ffqqaxi,Costas e Bíceps
Waenyhm Vhcnzbf,Costas e Bíceps
Mpdcpdg Gacqktk,Perna
Kixgovb Dkmrgtq,Perna
Ltnivnn Ormixfc,Peito e Tríceps
Bmeloip Wqbrnxv,Perna
Ujuxqec Ahaxucq,Perna
Zpnzhaf Ykueyzi,Costas e Bíceps
Izfbbuo Karkfek,Peito e Tríceps
Ylrxtsu Hidusof,Perna
Baformj Acjlkvy,Peito e Tríceps
Tmzohkn Hznokca,Costas e Bíceps
Dhhxfae Jhrywna,Perna
Wcblngt Bkowpbe,Costas e Bíceps
Jgtulas Eifvmfn,Costas e Bíceps
Fdnvymb Ffqqaxi,Costas e Bíceps
Kixgovb Dkmrgtq,Perna
Nuenenb Dduwfml,Costas e Bíceps
Qbaqvrd Dolfomk,Peito e Tríceps
Uqaxhdd Rvanhqx,Perna
Shqgycv Xyzyxwl,Costas e Bíceps
Rthqqaq Ebbyadl,Costas e Bíceps
Dvknuzm Wxvpmko,Peito e Tríceps
Kzyrgct Zdrchet,Peito e Tríceps
Miucsqu Amadldz,Costas e Bíceps
Fyufybr Xpmaidw,Costas e Bíceps
Ctyptmp Pragqaw,Peito e Tríceps
Gvqzjdz Rbxnghu,Costas e Bíceps
Pesyrmr Mcvzzhi,Peito e Tríceps
Vdtywpn Axfvdkh,Peito e Tríceps
Lbeweqr Rsgmhwv,Perna
Pwxkndm Iitufgo,Perna
Kzyrgct Zdrchet,Peito e Tríceps
Xnmzyrs Ovvtivq,Perna
Fhuilja Iezqdez,Peito e Tríceps
Qcydgyv Pswgcqx,Perna
Eakcphs Pzwfqng,Peito e Tríceps
Qzttjgh Bcbutmm,Perna
Lsxhlqe Vsijfpn,Peito e Tríceps
Kftyqpj Rxbcdde,Peito e Tríceps
Qbpvyaj Glztjhh,Peito e Tríceps
Ujuxqec Ahaxucq,Costas e Bíceps
Hmqyiay Xulltfd,Perna
Izfbbuo Karkfek,Costas e Bíceps
Azfhfpy Lfkexxw,Peito e Tríceps
Drefyli Mutndwj,Perna
Jenqeqd Zxaozqs,Perna
Cryztjy Rztzyat,Perna
Gihbvqj Jcngwxn,Peito e Tríceps
Dhcgfxd Xmjuzcg,Perna
Eakcphs Pzwfqng,Perna
Asubkgt Hmuqdfh,Peito e Tríceps
Ytjrnfi Yactnyn,Costas e Bíceps
Uqaxhdd Rvanhqx,Costas e Bíceps
Jenqeqd Zxaozqs,Perna
Xqiabjr Qfcnkxx,Peito e Tríceps
Oatlcse Rnttnev,Costas e Bíceps
Fvjltdy Xsmijxg,Costas e Bíceps
Vypncfn Yqaavbh,Peito e Tríceps
Unajdhk Wsoydib,Perna
Ssfgfbu Luvasca,Perna
Shqgycv Xyzyxwl,Perna
Fzhjjck Bnysrmy,Perna
Npqemqq Lncuhtf,Perna
Wuxxvks Bubydzt,Perna
Fisliqp Aezccjq,Peito e Tríceps
Psyjtjf Aivfqsj,Peito e Tríceps
Mpdcpdg Gacqktk,Costas e Bíceps
Xqiabjr Qfcnkxx,Perna
Izfbbuo Karkfek,Perna
Vkfobco Ybuvjde,Peito e Tríceps
Zgswcih Nmurhrv,Costas e Bíceps
Muiwrqf Qqrtwum,Peito e Tríceps
Zhawept Eqbsyoa,Peito e Tríceps
Dhhxfae Jhrywna,Perna
Iguqjyo Bpjipda,Perna
Tqttuup Gjtftmd,Perna
Akxtrya Mphvkpb,Costas e Bíceps
Fzhjjck Bnysrmy,Perna
Fzhjjck Bnysrmy,Perna
Tqttuup Gjtftmd,Costas e Bíceps
Aayuxtj Lppbxfr,Costas e Bíceps
Fdnvymb Ffqqaxi,Perna
Gihbvqj Jcngwxn,Perna
Ammuyln Taguykz,Perna
Kuqnojq Lhnggfo,Peito e Tríceps
Xnmzyrs Ovvtivq,Costas e Bíceps
Vdtywpn Axfvdkh,Costas e Bíceps
Hstxxda Nsyfgvv,Perna
Goiyxnn Jbqbond,Peito e Tríceps
Rxkwyts Xrirptz,Peito e Tríceps
Bjtqyth Aomyuyd,Peito e Tríceps
Jgtulas Eifvmfn,Perna
Yncwfiv Mbkocbm,Costas e Bíceps
Ehhcrkf Ryeualj,Perna
Wcblngt Bkowpbe,Peito e Tríceps
Cryztjy Rztzyat,Costas e Bíceps
Lrrkunz Sfvuynj,Perna
Npqemqq Lncuhtf,Costas e Bíceps
Qeoqudy Qdxhqkl,Perna
Wcblngt Bkowpbe,Perna
Qaefjps Tligfip,Peito e Tríceps
Eakcphs Pzwfqng,Costas e Bíceps
Ckarocz Ehdrweu,Peito e Tríceps
Lobabvf Khtsxmh,Perna
Vdtywpn Axfvdkh,Costas e Bíceps
Hmbrwcr Mplxwqd,Peito e Tríceps
Pmukvmu Dhqkzfh,Costas e Bíceps
Yrgupld Mccwrlu,Peito e Tríceps
Lsoxabj Xeerslt,Costas e Bíceps
Rthqqaq Ebbyadl,Peito e Tríceps
Azfhfpy Lfkexxw,Costas e Bíceps
Abyfoia Shyylay,Costas e Bíceps
Wcblngt Bkowpbe,Costas e Bíceps
Unajdhk Wsoydib,Costas e Bíceps
Egloagm Nhejxcw,Perna
Zpnzhaf Ykueyzi,Peito e Tríceps
Tnqjghx Xdpymte,Perna
Skswlix Frjkmbh,Peito e Tríceps
Sziozyb Zsjpens,Perna
Iluswje Pouttls,Peito e Tríceps
Rxkwyts Xrirptz,Perna
Vdfbkei Eqwqbcx,Peito e Tríceps
Brssnjm Ilqcymo,Peito e Tríceps
Rgsycfg Mrucxdz,Peito e Tríceps
Baformj Acjlkvy,Peito e Tríceps
Psyjtjf Aivfqsj,Perna
Skswlix Frjkmbh,Costas e Bíceps
Sjxbusm Hilikjg,Peito e Tríceps
Muiwrqf Qqrtwum,Peito e Tríceps
Kixgovb Dkmrgtq,Peito e Tríceps
Cjtoimv Wrajdxp,Costas e Bíceps
Vkfobco Ybuvjde,Peito e Tríceps
Kksxpag Rgawpzp,Costas e Bíceps
Bvojlzo Dblbizo,Costas e Bíceps
Zihbgcq Ezjstcd,Costas e Bíceps
Vdtywpn Axfvdkh,Costas e Bíceps
Gdthxkn Fqyvpjk,Perna
Tpihxou Lrjapgs,Perna
Tnqjghx Xdpymte,Perna
Olxprzv Rbwmhvg,Perna
Hnlryxm Hkoohwl,Peito e Tríceps
Kixgovb Dkmrgtq,Perna
Niqqpep Uhcklxk,Costas e Bíceps
Egloagm Nhejxcw,Peito e Tríceps
Hdcwmyd Mktnwjf,Costas e Bíceps
Txydiez Mxfizng,Peito e Tríceps
Fdnvymb Ffqqaxi,Peito e Tríceps
Mdhsrwy Azwiyuf,Peito e Tríceps
Zmddzcf Sudijud,Perna
Hgcufxc Lwrmidt,Peito e Tríceps
Gwfwidl Wxjnxbi,Costas e Bíceps
Qnyxcxb Mcszjnz,Costas e Bíceps
Qobzyoj Djcuayp,Perna
Hphdcyx Jdgrqkg,Perna
Miucsqu Amadldz,Peito e Tríceps
Bjtqyth Aomyuyd,Perna
Ycaukjn Bblhxyy,Perna
Akxtrya Mphvkpb,Perna
Izfbbuo Karkfek,Costas e Bíceps
Pmukvmu Dhqkzfh,Peito e Tríceps
Bctwsbz Khsuicq,Perna
Lrrkunz Sfvuynj,Costas e Bíceps
Wkflmvq Cbvucrd,Costas e Bíceps
Zmwbicn Cygsvej,Perna
Pwxkndm Iitufgo,Costas e Bíceps
Kunfxvn Rnzeaul,Costas e Bíceps
Jejffoo Okjmavz,Costas e Bíceps
Iguqjyo Bpjipda,Costas e Bíceps
Lbeweqr Rsgmhwv,Perna
Ypfamox Qghmcnz,Perna
Irfilit Juhjfla,Peito e Tríceps
Dvknuzm Wxvpmko,Perna
Goiyxnn Jbqbond,Costas e Bíceps
Kzyrgct Zdrchet,Perna
Yyvygth Routsql,Peito e Tríceps
Asubkgt Hmuqdfh,Perna
Burrvxf Dhwebqa,Perna
Gdplqfb Rwnfoze,Costas e Bíceps
Txydiez Mxfizng,Peito e Tríceps
Fzhjjck Bnysrmy,Costas e Bíceps
Brkccgu Wjwbkfv,Costas e Bíceps
Asubkgt Hmuqdfh,Peito e Tríceps
Wkflmvq Cbvucrd,Perna
Ycaukjn Bblhxyy,Peito e Tríceps
Npqemqq Lncuhtf,Peito e Tríceps
Xdcrywt Wowobdb,Perna
Cjtoimv Wrajdxp,Peito e Tríceps
Hdcwmyd Mktnwjf,Costas e Bíceps
Slkypwk Bkqhyxy,Costas e Bíceps
Zhawept Eqbsyoa,Peito e Tríceps
Kixgovb Dkmrgtq,Costas e Bíceps
Abyfoia Shyylay,Peito e Tríceps
Pvqyqqa Nnbqgss,Perna
Qobzyoj Djcuayp,Costas e Bíceps
Rgsycfg Mrucxdz,Perna
Foqtozz Qioceqo,Peito e Tríceps
Cryztjy Rztzyat,Costas e Bíceps
Kftyqpj Rxbcdde,Costas e Bíceps
Yncwfiv Mbkocbm,Costas e Bíceps
Qobzyoj Djcuayp,Costas e Bíceps
Fvjltdy Xsmijxg,Peito e Tríceps
Oatlcse Rnttnev,Perna
Vdtywpn Axfvdkh,Costas e Bíceps
Tpihxou Lrjapgs,Costas e Bíceps
Hodsynt Rhaixjx,Costas e Bíceps
Qcydgyv Pswgcqx,Peito e Tríceps
Mdhsrwy Azwiyuf,Peito e Tríceps
Efkyeys Yknjmct,Perna
Asubkgt Hmuqdfh,Perna
Hstxxda Nsyfgvv,Costas e Bíceps
Hgcufxc Lwrmidt,Perna
Ajnfucl Mrfkges,Costas e Bíceps
Jiwghpa Ktriusx,Peito e Tríceps
Szqkivm Gzrhnwb,Peito e Tríceps
Ucvlwce Hafaxqs,Costas e Bíceps
Uforexv Mehwtbf,Peito e Tríceps
Scxqtlm Azllpgd,Peito e Tríceps
Drefyli Mutndwj,Perna
Ovtuqvz Gbynwvt,Costas e Bíceps
Ckarocz Ehdrweu,Perna
Bctwsbz Khsuicq,Perna
Brkccgu Wjwbkfv,Peito e Tríceps
Mpuqcpm Bnpuatd,Peito e Tríceps
Guisilb Umbtcue,Perna
Mahprcx Kykklzb,Peito e Tríceps
Sjxbusm Hilikjg,Peito e Tríceps
Zhokngc Dhmmdda,Perna
Qbpvyaj Glztjhh,Peito e Tríceps
Pvqyqqa Nnbqgss,Costas e Bíceps
Fkbzlro Xjddbai,Peito e Tríceps
Hstxxda Nsyfgvv,Perna
Zgnmtri Knumbdu,Costas e Bíceps
Hgcufxc Lwrmidt,Peito e Tríceps
Njglkif Njaoydn,Costas e Bíceps
Bulfgku Qdkegyk,Peito e Tríceps
Huoewsk Atjbbil,Perna
Iluswje Pouttls,Perna
Bmeloip Wqbrnxv,Costas e Bíceps
Rthqqaq Ebbyadl,Perna
Hmqyiay Xulltfd,Costas e Bíceps
Dwtetep Ozbxyso,Costas e Bíceps
Zqmzmfm Dkqzrhu,Peito e Tríceps
Mpuqcpm Bnpuatd,Peito e Tríceps
Lobabvf Khtsxmh,Costas e Bíceps
Ujuxqec Ahaxucq,Peito e Tríceps
Irfilit Juhjfla,Perna
Pesyrmr Mcvzzhi,Costas e Bíceps
Yncwfiv Mbkocbm,Peito e Tríceps
Fkbzlro Xjddbai,Perna
Dvknuzm Wxvpmko,Costas e Bíceps
Anoiowz Ccfiemt,Perna
Mpdcpdg Gacqktk,Perna
Ctyptmp Pragqaw,Costas e Bíceps
Azfhfpy Lfkexxw,Costas e Bíceps
Kqvgjdl Bunoqzu,Costas e Bíceps
Burrvxf Dhwebqa,Costas e Bíceps
Wuubgua Ctrwdgz,Peito e Tríceps
Xmiskcf Ddwigmt,Peito e Tríceps
Gdplqfb Rwnfoze,Perna
Auzapus Sxhohgg,Perna
Jejffoo Okjmavz,Peito e Tríceps
Qbaqvrd Dolfomk,Costas e Bíceps
Urvgvsh Iawhoki,Peito e Tríceps
Xmiskcf Ddwigmt,Perna
Fisliqp Aezccjq,Costas e Bíceps
Zhawept Eqbsyoa,Peito e Tríceps
Vypncfn Yqaavbh,Costas e Bíceps
Nknugsc Yedteuh,Costas e Bíceps
Hdcwmyd Mktnwjf,Costas e Bíceps
Gdplqfb Rwnfoze,Peito e Tríceps
Vdfbkei Eqwqbcx,Peito e Tríceps
Fvjgsux Pyycmoi,Costas e Bíceps
Mannmsn Vztsshy,Perna
Ltnivnn Ormixfc,Peito e Tríceps
Khqdjag Pxciqeh,Costas e Bíceps
Fyufybr Xpmaidw,Perna
Zmwbicn Cygsvej,Peito e Tríceps
Zhawept Eqbsyoa,Peito e Tríceps
Ovtuqvz Gbynwvt,Peito e Tríceps
Urvgvsh Iawhoki,Peito e Tríceps
Kzyrgct Zdrchet,Perna
Mannmsn Vztsshy,Costas e Bíceps
Pvqyqqa Nnbqgss,Perna
Nmkucpn Ughltkr,Peito e Tríceps
Ycaukjn Bblhxyy,Costas e Bíceps
Cjtoimv Wrajdxp,Perna
Muiwrqf Qqrtwum,Peito e Tríceps
Xqiabjr Qfcnkxx,Costas e Bíceps
Jyyjlob Qiqtfas,Costas e Bíceps
Qaefjps Tligfip,Peito e Tríceps
Xdcrywt Wowobdb,Costas e Bíceps
Zgnmtri Knumbdu,Perna
Kzyrgct Zdrchet,Perna
Qzttjgh Bcbutmm,Costas e Bíceps
Vypncfn Yqaavbh,Peito e Tríceps
Tmzohkn Hznokca,Peito e Tríceps
Ckarocz Ehdrweu,Peito e Tríceps
Zmwbicn Cygsvej,Costas e Bíceps
Qgzarek Hcqukze,Costas e Bíceps
Jejffoo Okjmavz,Costas e Bíceps
Izfbbuo Karkfek,Costas e Bíceps
Ytjrnfi Yactnyn,Costas e Bíceps
Awtvlrc Nblmrva,Costas e Bíceps
Brssnjm Ilqcymo,Peito e Tríceps
Slkypwk Bkqhyxy,Perna
Yyvygth Routsql,Costas e Bíceps
Aayuxtj Lppbxfr,Perna
Nuenenb Dduwfml,Peito e Tríceps
Pesyrmr Mcvzzhi,Costas e Bíceps
Khqdjag Pxciqeh,Peito e Tríceps
Shqgycv Xyzyxwl,Peito e Tríceps
Fvjltdy Xsmijxg,Costas e Bíceps
Jsfeygz Attyoka,Perna
Awtvlrc Nblmrva,Perna
Anoiowz Ccfiemt,Costas e Bíceps
Miucsqu Amadldz,Peito e Tríceps
Zhawept Eqbsyoa,Costas e Bíceps
Foqtozz Qioceqo,Peito e Tríceps
Tmzohkn Hznokca,Peito e Tríceps
Ytxudnr Hdrzrwo,Costas e Bíceps
Skswlix Frjkmbh,Peito e Tríceps
Abyfoia Shyylay,Costas e Bíceps
Shqgycv Xyzyxwl,Perna
Muiwrqf Qqrtwum,Costas e Bíceps
Tmzohkn Hznokca,Perna
Lgloozg Chappan,Peito e Tríceps
Sziozyb Zsjpens,Perna
Hnlryxm Hkoohwl,Peito e Tríceps
Zihbgcq Ezjstcd,Costas e Bíceps
Qobzyoj Djcuayp,Costas e Bíceps
Pqkyira Miylhfb,Costas e Bíceps
Urvgvsh Iawhoki,Perna
Olxprzv Rbwmhvg,Peito e Tríceps
Hdcwmyd Mktnwjf,Peito e Tríceps
Ssfgfbu Luvasca,Peito e Tríceps
Kuqnojq Lhnggfo,Perna
Guisilb Umbtcue,Perna
Kuqnojq Lhnggfo,Costas e Bíceps
Dwtetep Ozbxyso,Peito e Tríceps
Vypncfn Yqaavbh,Peito e Tríceps
Jiwghpa Ktriusx,Peito e Tríceps
Jxtkbrx Uvghzee,Peito e Tríceps
Anoiowz Ccfiemt,Peito e Tríceps
Juqamtf Kontbtn,Peito e Tríceps
Hwocwvt Prexpdf,Peito e Tríceps
Nmkucpn Ughltkr,Perna
Tmzohkn Hznokca,Peito e Tríceps
Qzttjgh Bcbutmm,Perna
Izfbbuo Karkfek,Peito e Tríceps
Pesyrmr Mcvzzhi,Peito e Tríceps
Qaefjps Tligfip,Costas e Bíceps
Brssnjm Ilqcymo,Peito e Tríceps
Ujnnfrw Jjqwoqc,Perna
Npqemqq Lncuhtf,Perna
Yrgupld Mccwrlu,Costas e Bíceps
Cryztjy Rztzyat,Perna
Slbmnzq Btbdezs,Peito e Tríceps
Qbpvyaj Glztjhh,Peito e Tríceps
Ytxudnr Hdrzrwo,Perna
Mpuqcpm Bnpuatd,Costas e Bíceps
Gihbvqj Jcngwxn,Costas e Bíceps
Tnqjghx Xdpymte,Peito e Tríceps
Hwocwvt Prexpdf,Peito e Tríceps
Jxtkbrx Uvghzee,Peito e Tríceps
Akxtrya Mphvkpb,Perna
Ehhcrkf Ryeualj,Peito e Tríceps
Baformj Acjlkvy,Perna
Hxeqavt Mvvypee,Peito e Tríceps
Tmzohkn Hznokca,Costas e Bíceps
Tnqjghx Xdpymte,Costas e Bíceps
Sjxbusm Hilikjg,Peito e Tríceps
Wuxxvks Bubydzt,Costas e Bíceps
Jxtkbrx Uvghzee,Perna
Iwjgkzi Fgcsfqc,Peito e Tríceps
Slbmnzq Btbdezs,Perna
Ajnfucl Mrfkges,Perna
Iguqjyo Bpjipda,Costas e Bíceps
Bjtqyth Aomyuyd,Perna
Hnlryxm Hkoohwl,Perna
Ofrydxm Qfobmii,Costas e Bíceps
Hgcufxc Lwrmidt,Costas e Bíceps
Kftyqpj Rxbcdde,Perna
Agvhtym Qyghdlu,Perna
Kftyqpj Rxbcdde,Peito e Tríceps
Lgloozg Chappan,Peito e Tríceps
Wuxxvks Bubydzt,Perna
Auzapus Sxhohgg,Peito e Tríceps
Npqemqq Lncuhtf,Costas e Bíceps
Rmzxwjb Ylqbvzd,Perna
Brkccgu Wjwbkfv,Costas e Bíceps
Mpdcpdg Gacqktk,Perna
Fisliqp Aezccjq,Perna
Pucniie Mtyzgwj,Perna
Jyyjlob Qiqtfas,Peito e Tríceps
Bhatfes Tfumcbr,Costas e Bíceps
Dhhxfae Jhrywna,Peito e Tríceps
Brssnjm Ilqcymo,Costas e Bíceps
Ucvlwce Hafaxqs,Perna
Bvojlzo Dblbizo,Perna
Szqkivm Gzrhnwb,Peito e Tríceps
Wkflmvq Cbvucrd,Costas e Bíceps
Bulfgku Qdkegyk,Perna
Lsxhlqe Vsijfpn,Peito e Tríceps
Lwrifjg Ihqkvju,Costas e Bíceps
Pqkyira Miylhfb,Costas e Bíceps
Lrrkunz Sfvuynj,Costas e Bíceps
Wuxxvks Bubydzt,Peito e Tríceps
Gwfwidl Wxjnxbi,Peito e Tríceps
Ycaukjn Bblhxyy,Peito e Tríceps
Yncwfiv Mbkocbm,Peito e Tríceps
Sjxbusm Hilikjg,Costas e Bíceps
Liwuvtz Xapwkax,Perna
Iwjgkzi Fgcsfqc,Costas e Bíceps
Vdtywpn Axfvdkh,Perna
Fzhjjck Bnysrmy,Costas e Bíceps
Efkyeys Yknjmct,Peito e Tríceps
Hgcufxc Lwrmidt,Costas e Bíceps
Waenyhm Vhcnzbf,Perna
Zhawept Eqbsyoa,Costas e Bíceps
Izfbbuo Karkfek,Peito e Tríceps
Hgcufxc Lwrmidt,Perna
Huoewsk Atjbbil,Costas e Bíceps
Sziozyb Zsjpens,Costas e Bíceps
Slkypwk Bkqhyxy,Perna
Yyvygth Routsql,Peito e Tríceps
Scvfytp Wboppex,Perna
Qaefjps Tligfip,Perna
Vdfbkei Eqwqbcx,Perna
Burrvxf Dhwebqa,Perna
Gdplqfb Rwnfoze,Costas e Bíceps
Zihbgcq Ezjstcd,Peito e Tríceps
Asubkgt Hmuqdfh,Costas e Bíceps
Dvknuzm Wxvpmko,Peito e Tríceps
Lrrkunz Sfvuynj,Perna
Scvfytp Wboppex,Costas e Bíceps
Hmqyiay Xulltfd,Costas e Bíceps
Tqttuup Gjtftmd,Perna
Psyjtjf Aivfqsj,Costas e Bíceps
Qaefjps Tligfip,Costas e Bíceps
Npqemqq Lncuhtf,Peito e Tríceps
Rmzxwjb Ylqbvzd,Peito e Tríceps
Vypncfn Yqaavbh,Perna
Sjxbusm Hilikjg,Perna
Ajnfucl Mrfkges,Perna
Akxtrya Mphvkpb,Perna
Lsxhlqe Vsijfpn,Peito e Tríceps
Iwjgkzi Fgcsfqc,Peito e Tríceps
Uforexv Mehwtbf,Perna
Tqttuup Gjtftmd,Perna
Bmeloip Wqbrnxv,Costas e Bíceps
Guisilb Umbtcue,Costas e Bíceps
Yncwfiv Mbkocbm,Perna
Zmddzcf Sudijud,Costas e Bíceps
Ujuxqec Ahaxucq,Peito e Tríceps
Efkyeys Yknjmct,Perna
Egloagm Nhejxcw,Perna
Irfilit Juhjfla,Peito e Tríceps
Drefyli Mutndwj,Costas e Bíceps
Yxafqfg Pzaxqkl,Peito e Tríceps
Pvqyqqa Nnbqgss,Perna
Fvjltdy Xsmijxg,Perna
Vbeiaff Ggkyabo,Peito e Tríceps
Npqemqq Lncuhtf,Peito e Tríceps
Mqvcuic Adwegvj,Peito e Tríceps
Zmddzcf Sudijud,Costas e Bíceps
Wkflmvq Cbvucrd,Perna
Qaefjps Tligfip,Peito e Tríceps
Sjxbusm Hilikjg,Perna
Shqgycv Xyzyxwl,Peito e Tríceps
Iluswje Pouttls,Perna
Kzyrgct Zdrchet,Peito e Tríceps
Guisilb Umbtcue,Peito e Tríceps
Bctwsbz Khsuicq,Peito e Tríceps
Ehhcrkf Ryeualj,Perna
Azfhfpy Lfkexxw,Perna
Guisilb Umbtcue,Costas e Bíceps
Agvhtym Qyghdlu,Costas e Bíceps
Ujnnfrw Jjqwoqc,Peito e Tríceps
Lbeweqr Rsgmhwv,Perna
Gwfwidl Wxjnxbi,Peito e Tríceps
Scvfytp Wboppex,Peito e Tríceps
Xdcrywt Wowobdb,Costas e Bíceps
Ytjrnfi Yactnyn,Perna
Scxqtlm Azllpgd,Costas e Bíceps
Aayuxtj Lppbxfr,Peito e Tríceps
Drefyli Mutndwj,Peito e Tríceps
Huoewsk Atjbbil,Peito e Tríceps
Kixgovb Dkmrgtq,Costas e Bíceps
Xdcrywt Wowobdb,Costas e Bíceps
Kunfxvn Rnzeaul,Costas e Bíceps
Hnlryxm Hkoohwl,Costas e Bíceps
Abyfoia Shyylay,Perna
Gihbvqj Jcngwxn,Costas e Bíceps
Agvhtym Qyghdlu,Peito e Tríceps
Qnyxcxb Mcszjnz,Costas e Bíceps
Rmzxwjb Ylqbvzd,Peito e Tríceps
Fvjgsux Pyycmoi,Costas e Bíceps
Kunfxvn Rnzeaul,Costas e Bíceps
Lrrkunz Sfvuynj,Perna
Gwfwidl Wxjnxbi,Peito e Tríceps
Bvojlzo Dblbizo,Perna
Lsxhlqe Vsijfpn,Costas e Bíceps
Pvqyqqa Nnbqgss,Peito e Tríceps
Vkfobco Ybuvjde,Costas e Bíceps
Kloembc Pafczfl,Peito e Tríceps
Fhuilja Iezqdez,Perna
Sziozyb Zsjpens,Costas e Bíceps
Ajnfucl Mrfkges,Costas e Bíceps
Awtvlrc Nblmrva,Costas e Bíceps
Baformj Acjlkvy,Perna
Jenqeqd Zxaozqs,Perna
Baformj Acjlkvy,Peito e Tríceps
Ucvlwce Hafaxqs,Costas e Bíceps
Auzapus Sxhohgg,Perna
Yncwfiv Mbkocbm,Costas e Bíceps
Goiyxnn Jbqbond,Peito e Tríceps
Bhatfes Tfumcbr,Peito e Tríceps
Ofrydxm Qfobmii,Costas e Bíceps
Rmzxwjb Ylqbvzd,Perna
Wqflacc Shdikoi,Costas e Bíceps
Irfilit Juhjfla,Costas e Bíceps
Hstxxda Nsyfgvv,Costas e Bíceps
Hmqyiay Xulltfd,Costas e Bíceps
Muiwrqf Qqrtwum,Peito e Tríceps
Iwjgkzi Fgcsfqc,Peito e Tríceps
Zqmzmfm Dkqzrhu,Perna
Bulfgku Qdkegyk,Peito e Tríceps
Mpuqcpm Bnpuatd,Peito e Tríceps
Kloembc Pafczfl,Perna
Ovtuqvz Gbynwvt,Peito e Tríceps
Mdhsrwy Azwiyuf,Costas e Bíceps
Ujnnfrw Jjqwoqc,Perna
Ymenldd Edlhdss,Peito e Tríceps
Pesyrmr Mcvzzhi,Peito e Tríceps
Nrgxmqr Eklduvf,Peito e Tríceps
Vrrzpoo Omvlqkz,Perna
Wqflacc Shdikoi,Peito e Tríceps
Hnlryxm Hkoohwl,Perna
Ammuyln Taguykz,Perna
Juqamtf Kontbtn,Peito e Tríceps
Qbpvyaj Glztjhh,Perna
Liwuvtz Xapwkax,Perna
Sziozyb Zsjpens,Perna
Ymenldd Edlhdss,Perna
Jejffoo Okjmavz,Peito e Tríceps
Kzyrgct Zdrchet,Perna
Liwuvtz Xapwkax,Peito e Tríceps
Xdcrywt Wowobdb,Costas e Bíceps
Dwtetep Ozbxyso,Costas e Bíceps
Fkbzlro Xjddbai,Peito e Tríceps
Kunfxvn Rnzeaul,Peito e Tríceps
Lgloozg Chappan,Perna
Nknugsc Yedteuh,Peito e Tríceps
Asubkgt Hmuqdfh,Perna
Aayuxtj Lppbxfr,Costas e Bíceps
Lobabvf Khtsxmh,Costas e Bíceps
Hwocwvt Prexpdf,Costas e Bíceps
Xgtlauz Fppiqvz,Perna
Abyfoia Shyylay,Costas e Bíceps
Qcydgyv Pswgcqx,Perna
Ajnfucl Mrfkges,Costas e Bíceps
Ehhcrkf Ryeualj,Costas e Bíceps
Omubzja Oexenuf,Perna
Slbmnzq Btbdezs,Costas e Bíceps
Nuenenb Dduwfml,Perna
Qnyxcxb Mcszjnz,Costas e Bíceps
Wkflmvq Cbvucrd,Peito e Tríceps
Gihbvqj Jcngwxn,Costas e Bíceps
Lobabvf Khtsxmh,Peito e Tríceps
Mpuqcpm Bnpuatd,Perna
Yyvygth Routsql,Peito e Tríceps
Hwocwvt Prexpdf,Peito e Tríceps
Aayuxtj Lppbxfr,Costas e Bíceps
Aayuxtj Lppbxfr,Costas e Bíceps
Anoiowz Ccfiemt,Peito e Tríceps
Sziozyb Zsjpens,Costas e Bíceps
Dhhxfae Jhrywna,Peito e Tríceps
Sziozyb Zsjpens,Peito e Tríceps
Anoiowz Ccfiemt,Perna
Psyjtjf Aivfqsj,Perna
Zmwbicn Cygsvej,Perna
Rmzxwjb Ylqbvzd,Peito e Tríceps
Ammuyln Taguykz,Perna
Mpdcpdg Gacqktk,Perna
Ytxudnr Hdrzrwo,Peito e Tríceps
Lqvahsl Pjtwnti,Peito e Tríceps
Ylrxtsu Hidusof,Perna
Zqmzmfm Dkqzrhu,Costas e Bíceps
Uforexv Mehwtbf,Peito e Tríceps
Scvfytp Wboppex,Peito e Tríceps
Qeoqudy Qdxhqkl,Perna
Mahprcx Kykklzb,Costas e Bíceps
Slbmnzq Btbdezs,Costas e Bíceps
Pqkyira Miylhfb,Peito e Tríceps
Juqamtf Kontbtn,Perna
Liwuvtz Xapwkax,Peito e Tríceps
Cfzdmid Diztnac,Perna
Kloembc Pafczfl,Perna
Azfhfpy Lfkexxw,Perna
Uqaxhdd Rvanhqx,Peito e Tríceps
Pqkyira Miylhfb,Costas e Bíceps
Mahprcx Kykklzb,Costas e Bíceps
Gdplqfb Rwnfoze,Perna
Kuqnojq Lhnggfo,Costas e Bíceps
Xdcrywt Wowobdb,Perna
Hnlryxm Hkoohwl,Perna
Huoewsk Atjbbil,Perna
Rmzxwjb Ylqbvzd,Perna
Vdfbkei Eqwqbcx,Peito e Tríceps
Kunfxvn Rnzeaul,Perna
Khqdjag Pxciqeh,Perna
Hphdcyx Jdgrqkg,Peito e Tríceps
Wcblngt Bkowpbe,Costas e Bíceps
Mannmsn Vztsshy,Peito e Tríceps
Rxkwyts Xrirptz,Perna
Dvknuzm Wxvpmko,Perna
Szqkivm Gzrhnwb,Peito e Tríceps
Fvjgsux Pyycmoi,Perna
Faxmoox Yazjxuh,Peito e Tríceps
Yxafqfg Pzaxqkl,Peito e Tríceps
Lsoxabj Xeerslt,Perna
Dvknuzm Wxvpmko,Perna
Ehhcrkf Ryeualj,Costas e Bíceps
Scxqtlm Azllpgd,Perna
Zmwbicn Cygsvej,Costas e Bíceps
Bmeloip Wqbrnxv,Costas e Bíceps
Fhuilja Iezqdez,Costas e Bíceps
Ovtuqvz Gbynwvt,Peito e Tríceps
Iluswje Pouttls,Perna
Lbeweqr Rsgmhwv,Perna
Wcblngt Bkowpbe,Costas e Bíceps
Kqvgjdl Bunoqzu,Perna
Jenqeqd Zxaozqs,Perna
Wqflacc Shdikoi,Perna
Hphdcyx Jdgrqkg,Costas e Bíceps
Vdfbkei Eqwqbcx,Perna
Ylgeiou Euhuwbg,Costas e Bíceps
Lqvahsl Pjtwnti,Peito e Tríceps
Gdthxkn Fqyvpjk,Costas e Bíceps
Ylgeiou Euhuwbg,Perna
Jiwghpa Ktriusx,Perna
Kksxpag Rgawpzp,Peito e Tríceps
Jsfeygz Attyoka,Perna
Xmiskcf Ddwigmt,Perna
Tqttuup Gjtftmd,Costas e Bíceps
Akxtrya Mphvkpb,Costas e Bíceps
Hwocwvt Prexpdf,Peito e Tríceps
Hxeqavt Mvvypee,Peito e Tríceps
Fisliqp Aezccjq,Costas e Bíceps
Fvjltdy Xsmijxg,Perna
Mannmsn Vztsshy,Peito e Tríceps
Eakcphs Pzwfqng,Costas e Bíceps
Olxprzv Rbwmhvg,Costas e Bíceps
Baformj Acjlkvy,Costas e Bíceps
Okqzxip Zkizqsj,Peito e Tríceps
Bvojlzo Dblbizo,Costas e Bíceps
Jgtulas Eifvmfn,Peito e Tríceps
Goiyxnn Jbqbond,Costas e Bíceps
Vypncfn Yqaavbh,Costas e Bíceps
Gvqzjdz Rbxnghu,Costas e Bíceps
Uforexv Mehwtbf,Costas e Bíceps
Jyyjlob Qiqtfas,Perna
Fyufybr Xpmaidw,Costas e Bíceps
Txydiez Mxfizng,Peito e Tríceps
Lrrkunz Sfvuynj,Costas e Bíceps
Gvqzjdz Rbxnghu,Costas e Bíceps
Vdsyoeg Arvfpkw,Peito e Tríceps
Burrvxf Dhwebqa,Peito e Tríceps
Bctwsbz Khsuicq,Costas e Bíceps
Juqamtf Kontbtn,Perna
Zhokngc Dhmmdda,Costas e Bíceps
Niqqpep Uhcklxk,Perna
Fyufybr Xpmaidw,Peito e Tríceps
Dbkgeih Ddvyumf,Peito e Tríceps
Lsxhlqe Vsijfpn,Peito e Tríceps
Tnqjghx Xdpymte,Perna
Waenyhm Vhcnzbf,Perna
Fyufybr Xpmaidw,Perna
Pesyrmr Mcvzzhi,Costas e Bíceps
Wkflmvq Cbvucrd,Perna
Lgloozg Chappan,Peito e Tríceps
Mpdcpdg Gacqktk,Costas e Bíceps
Fkbzlro Xjddbai,Perna
Vbeiaff Ggkyabo,Perna
Guisilb Umbtcue,Costas e Bíceps
Qaefjps Tligfip,Perna
Lwrifjg Ihqkvju,Perna
Bjtqyth Aomyuyd,Peito e Tríceps
Szqkivm Gzrhnwb,Costas e Bíceps
Hmqyiay Xulltfd,Costas e Bíceps
Foqtozz Qioceqo,Peito e Tríceps
Ylgeiou Euhuwbg,Costas e Bíceps
Qzttjgh Bcbutmm,Peito e Tríceps
Azfhfpy Lfkexxw,Perna
Niqqpep Uhcklxk,Costas e Bíceps
Iwjgkzi Fgcsfqc,Peito e Tríceps
Miucsqu Amadldz,Costas e Bíceps
Mahprcx Kykklzb,Costas e Bíceps
Kzyrgct Zdrchet,Costas e Bíceps
Ssfgfbu Luvasca,Perna
Urvgvsh Iawhoki,Peito e Tríceps
Lgloozg Chappan,Peito e Tríceps
Njglkif Njaoydn,Costas e Bíceps
Olxprzv Rbwmhvg,Costas e Bíceps
Awtvlrc Nblmrva,Costas e Bíceps
Bmeloip Wqbrnxv,Peito e Tríceps
Hodsynt Rhaixjx,Peito e Tríceps
Liwuvtz Xapwkax,Perna
Ytjrnfi Yactnyn,Costas e Bíceps
Faxmoox Yazjxuh,Perna
Jenqeqd Zxaozqs,Peito e Tríceps
Ylrxtsu Hidusof,Costas e Bíceps
Jsfeygz Attyoka,Costas e Bíceps
Ammuyln Taguykz,Costas e Bíceps
Eakcphs Pzwfqng,Perna
Pucniie Mtyzgwj,Costas e Bíceps
Kixgovb Dkmrgtq,Costas e Bíceps
Auzapus Sxhohgg,Costas e Bíceps
Kksxpag Rgawpzp,Costas e Bíceps
Dhcgfxd Xmjuzcg,Costas e Bíceps
Hodsynt Rhaixjx,Peito e Tríceps
Awtvlrc Nblmrva,Peito e Tríceps
Qnyxcxb Mcszjnz,Peito e Tríceps
Efkyeys Yknjmct,Perna
Pwxkndm Iitufgo,Peito e Tríceps
Goiyxnn Jbqbond,Costas e Bíceps
Jejffoo Okjmavz,Peito e Tríceps
Burrvxf Dhwebqa,Peito e Tríceps
Hphdcyx Jdgrqkg,Peito e Tríceps
Uqaxhdd Rvanhqx,Perna
Tpihxou Lrjapgs,Costas e Bíceps
Qcydgyv Pswgcqx,Costas e Bíceps
Bjtqyth Aomyuyd,Perna
Zpnzhaf Ykueyzi,Costas e Bíceps
Hgcufxc Lwrmidt,Costas e Bíceps
Ymenldd Edlhdss,Costas e Bíceps
Pwxkndm Iitufgo,Costas e Bíceps
Muiwrqf Qqrtwum,Perna
Khqdjag Pxciqeh,Costas e Bíceps
Liwuvtz Xapwkax,Perna
Khqdjag Pxciqeh,Perna
Jgtulas Eifvmfn,Costas e Bíceps
Oatlcse Rnttnev,Costas e Bíceps
Xgtlauz Fppiqvz,Perna
Zqmzmfm Dkqzrhu,Perna
Ytjrnfi Yactnyn,Perna
Zihbgcq Ezjstcd,Perna
Vdtywpn Axfvdkh,Perna
Kksxpag Rgawpzp,Costas e Bíceps
Qobzyoj Djcuayp,Perna
Zgnmtri Knumbdu,Costas e Bíceps
Jsfeygz Attyoka,Perna
Mpdcpdg Gacqktk,Perna
Pqkyira Miylhfb,Costas e Bíceps
Ypfamox Qghmcnz,Perna
Jenqeqd Zxaozqs,Costas e Bíceps
Cfzdmid Diztnac,Perna
Gihbvqj Jcngwxn,Costas e Bíceps
Yyvygth Routsql,Perna
Bhatfes Tfumcbr,Peito e Tríceps
Okqzxip Zkizqsj,Perna
Fdnvymb Ffqqaxi,Perna
Huoewsk Atjbbil,Costas e Bíceps
Dvknuzm Wxvpmko,Costas e Bíceps
Ssfgfbu Luvasca,Peito e Tríceps
Qbaqvrd Dolfomk,Peito e Tríceps
Hmqyiay Xulltfd,Costas e Bíceps
Fvjltdy Xsmijxg,Perna
Jxtkbrx Uvghzee,Perna
Pucniie Mtyzgwj,Perna
Akxtrya Mphvkpb,Perna
Dhhxfae Jhrywna,Peito e Tríceps
Nuenenb Dduwfml,Costas e Bíceps
Fkbzlro Xjddbai,Perna
Efkyeys Yknjmct,Perna
Faxmoox Yazjxuh,Costas e Bíceps
Azfhfpy Lfkexxw,Perna
Hnlryxm Hkoohwl,Perna
Ytjrnfi Yactnyn,Perna
Huoewsk Atjbbil,Costas e Bíceps
Ytjrnfi Yactnyn,Costas e Bíceps
Pqkyira Miylhfb,Costas e Bíceps
Niqqpep Uhcklxk,Perna
Juqamtf Kontbtn,Costas e Bíceps
Iguqjyo Bpjipda,Costas e Bíceps
Fzhjjck Bnysrmy,Costas e Bíceps
Mqvcuic Adwegvj,Perna
Hphdcyx Jdgrqkg,Peito e Tríceps
Qnyxcxb Mcszjnz,Costas e Bíceps
Uqaxhdd Rvanhqx,Peito e Tríceps
Gwfwidl Wxjnxbi,Peito e Tríceps
Gihbvqj Jcngwxn,Peito e Tríceps
Vrrzpoo Omvlqkz,Peito e Tríceps
Ymenldd Edlhdss,Costas e Bíceps
Xmiskcf Ddwigmt,Peito e Tríceps
Rxkwyts Xrirptz,Perna
Yyvygth Routsql,Peito e Tríceps
Urvgvsh Iawhoki,Costas e Bíceps
Jenqeqd Zxaozqs,Costas e Bíceps
Kuqnojq Lhnggfo,Costas e Bíceps
Oatlcse Rnttnev,Peito e Tríceps
Foqtozz Qioceqo,Costas e Bíceps
Lqvahsl Pjtwnti,Costas e Bíceps
Hnlryxm Hkoohwl,Peito e Tríceps
Kzyrgct Zdrchet,Costas e Bíceps
Xnmzyrs Ovvtivq,Perna
Kqvgjdl Bunoqzu,Peito e Tríceps
Khqdjag Pxciqeh,Peito e Tríceps
Xnmzyrs Ovvtivq,Costas e Bíceps
Zihbgcq Ezjstcd,Peito e Tríceps
Iguqjyo Bpjipda,Costas e Bíceps
Dbkgeih Ddvyumf,Costas e Bíceps
Dhcgfxd Xmjuzcg,Costas e Bíceps
Huoewsk Atjbbil,Perna
Dhhxfae Jhrywna,Peito e Tríceps
Nrgxmqr Eklduvf,Peito e Tríceps
Lbeweqr Rsgmhwv,Costas e Bíceps
Brssnjm Ilqcymo,Perna
Pwxkndm Iitufgo,Costas e Bíceps
Bulfgku Qdkegyk,Peito e Tríceps
Faxmoox Yazjxuh,Peito e Tríceps
Iwjgkzi Fgcsfqc,Costas e Bíceps
Rthqqaq Ebbyadl,Costas e Bíceps
Yyvygth Routsql,Peito e Tríceps
Gvqzjdz Rbxnghu,Peito e Tríceps
Ctyptmp Pragqaw,Costas e Bíceps
Bmeloip Wqbrnxv,Perna
Vkfobco Ybuvjde,Costas e Bíceps
Tihclxj Petclyn,Peito e Tríceps
Wuubgua Ctrwdgz,Peito e Tríceps
Wuubgua Ctrwdgz,Peito e Tríceps
Dvknuzm Wxvpmko,Peito e Tríceps
Cryztjy Rztzyat,Costas e Bíceps
Ehhcrkf Ryeualj,Peito e Tríceps
Pwxkndm Iitufgo,Perna
Bvojlzo Dblbizo,Peito e Tríceps
Vdtywpn Axfvdkh,Perna
Zgswcih Nmurhrv,Peito e Tríceps
Zmwbicn Cygsvej,Costas e Bíceps
Rthqqaq Ebbyadl,Peito e Tríceps
Zmddzcf Sudijud,Costas e Bíceps
Ctyptmp Pragqaw,Costas e Bíceps
Yxafqfg Pzaxqkl,Peito e Tríceps
Jsfeygz Attyoka,Costas e Bíceps
Zmddzcf Sudijud,Costas e Bíceps
Jyyjlob Qiqtfas,Peito e Tríceps
Slkypwk Bkqhyxy,Perna
Iwjgkzi Fgcsfqc,Perna
Zmddzcf Sudijud,Peito e Tríceps
Ypfamox Qghmcnz,Peito e Tríceps
Kksxpag Rgawpzp,Perna
Fkbzlro Xjddbai,Costas e Bíceps
Foqtozz Qioceqo,Peito e Tríceps
Vrrzpoo Omvlqkz,Perna
Sziozyb Zsjpens,Peito e Tríceps
Qobzyoj Djcuayp,Perna
Ypfamox Qghmcnz,Perna
Yyvygth Routsql,Peito e Tríceps
Qeoqudy Qdxhqkl,Perna
Ssfgfbu Luvasca,Costas e Bíceps
Qaefjps Tligfip,Peito e Tríceps
Kuqnojq Lhnggfo,Peito e Tríceps
Jyyjlob Qiqtfas,Costas e Bíceps
Unajdhk Wsoydib,Peito e Tríceps
Nmkucpn Ughltkr,Costas e Bíceps
Ammuyln Taguykz,Perna
Dhcgfxd Xmjuzcg,Costas e Bíceps
Slbmnzq Btbdezs,Peito e Tríceps
Brkccgu Wjwbkfv,Costas e Bíceps
Burrvxf Dhwebqa,Costas e Bíceps
Wqflacc Shdikoi,Perna
Vdsyoeg Arvfpkw,Peito e Tríceps
Qgzarek Hcqukze,Peito e Tríceps
Hmbrwcr Mplxwqd,Perna
Qeoqudy Qdxhqkl,Perna
Dhcgfxd Xmjuzcg,Perna
Mahprcx Kykklzb,Peito e Tríceps
Scvfytp Wboppex,Peito e Tríceps
Xgtlauz Fppiqvz,Peito e Tríceps
Qbaqvrd Dolfomk,Perna
Pucniie Mtyzgwj,Peito e Tríceps
Brssnjm Ilqcymo,Peito e Tríceps
Ucvlwce Hafaxqs,Peito e Tríceps
Miucsqu Amadldz,Costas e Bíceps
Brkccgu Wjwbkfv,Peito e Tríceps
Brkccgu Wjwbkfv,Peito e Tríceps
Bctwsbz Khsuicq,Costas e Bíceps
Xqiabjr Qfcnkxx,Peito e Tríceps
Kksxpag Rgawpzp,Costas e Bíceps
Cryztjy Rztzyat,Costas e Bíceps
Akxtrya Mphvkpb,Peito e Tríceps
Abyfoia Shyylay,Costas e Bíceps
Pucniie Mtyzgwj,Perna
Bulfgku Qdkegyk,Costas e Bíceps
Yxafqfg Pzaxqkl,Peito e Tríceps
Wqflacc Shdikoi,Costas e Bíceps
Vdsyoeg Arvfpkw,Perna
Xgtlauz Fppiqvz,Perna
Pmukvmu Dhqkzfh,Perna
Fisliqp Aezccjq,Costas e Bíceps
Kloembc Pafczfl,Perna
Yrgupld Mccwrlu,Peito e Tríceps
Bctwsbz Khsuicq,Perna
Khqdjag Pxciqeh,Perna
Ctyptmp Pragqaw,Perna
Fvjgsux Pyycmoi,Peito e Tríceps
Brkccgu Wjwbkfv,Costas e Bíceps
Slkypwk Bkqhyxy,Costas e Bíceps
Okqzxip Zkizqsj,Perna
Vrrzpoo Omvlqkz,Perna
Qzttjgh Bcbutmm,Peito e Tríceps
Dwtetep Ozbxyso,Costas e Bíceps
Wuxxvks Bubydzt,Perna
Oatlcse Rnttnev,Peito e Tríceps
Unajdhk Wsoydib,Perna
Tnqjghx Xdpymte,Peito e Tríceps
Fvjltdy Xsmijxg,Costas e Bíceps
Tihclxj Petclyn,Costas e Bíceps
Zgnmtri Knumbdu,Perna
Efkyeys Yknjmct,Costas e Bíceps
Goiyxnn Jbqbond,Costas e Bíceps
Dwtetep Ozbxyso,Costas e Bíceps
Hmqyiay Xulltfd,Peito e Tríceps
Rgsycfg Mrucxdz,Peito e Tríceps
Kunfxvn Rnzeaul,Perna
Rgsycfg Mrucxdz,Costas e Bíceps
Njglkif Njaoydn,Perna
Rxkwyts Xrirptz,Perna
Tqttuup Gjtftmd,Perna
Yxafqfg Pzaxqkl,Costas e Bíceps
Uforexv Mehwtbf,Costas e Bíceps
Ajnfucl Mrfkges,Peito e Tríceps
Slbmnzq Btbdezs,Costas e Bíceps
Kixgovb Dkmrgtq,Peito e Tríceps
Ctyptmp Pragqaw,Peito e Tríceps
Shqgycv Xyzyxwl,Perna
Vkfobco Ybuvjde,Peito e Tríceps
Ytjrnfi Yactnyn,Costas e Bíceps
Wuxxvks Bubydzt,Costas e Bíceps
Zpnzhaf Ykueyzi,Perna
Ypfamox Qghmcnz,Peito e Tríceps
Waenyhm Vhcnzbf,Costas e Bíceps
Xgtlauz Fppiqvz,Perna
Ypfamox Qghmcnz,Perna
Jsfeygz Attyoka,Peito e Tríceps
Gdthxkn Fqyvpjk,Peito e Tríceps
Gvqzjdz Rbxnghu,Peito e Tríceps
Ovtuqvz Gbynwvt,Peito e Tríceps
Miucsqu Amadldz,Costas e Bíceps
Gvqzjdz Rbxnghu,Perna
Ckarocz Ehdrweu,Perna
Agvhtym Qyghdlu,Perna
Vdtywpn Axfvdkh,Peito e Tríceps
Egloagm Nhejxcw,Peito e Tríceps
Tihclxj Petclyn,Perna
Tmzohkn Hznokca,Peito e Tríceps
Pwxkndm Iitufgo,Perna
Lobabvf Khtsxmh,Peito e Tríceps
Mpuqcpm Bnpuatd,Perna
Guisilb Umbtcue,Peito e Tríceps
Azfhfpy Lfkexxw,Perna
Juqamtf Kontbtn,Peito e Tríceps
Mannmsn Vztsshy,Peito e Tríceps
Xgtlauz Fppiqvz,Perna
Ymenldd Edlhdss,Costas e Bíceps
Dbkgeih Ddvyumf,Costas e Bíceps
Dhhxfae Jhrywna,Costas e Bíceps
Ujnnfrw Jjqwoqc,Perna
Qbpvyaj Glztjhh,Perna
Nrgxmqr Eklduvf,Costas e Bíceps
Mqvcuic Adwegvj,Peito e Tríceps
Xqiabjr Qfcnkxx,Peito e Tríceps
Shqgycv Xyzyxwl,Perna
Fyufybr Xpmaidw,Perna
Bvojlzo Dblbizo,Peito e Tríceps
Qbaqvrd Dolfomk,Costas e Bíceps
Pvqyqqa Nnbqgss,Peito e Tríceps
Fzhjjck Bnysrmy,Peito e Tríceps
Lwrifjg Ihqkvju,Costas e Bíceps
Xnmzyrs Ovvtivq,Perna
Irfilit Juhjfla,Costas e Bíceps
Hdcwmyd Mktnwjf,Peito e Tríceps
Ucvlwce Hafaxqs,Perna
Tnqjghx Xdpymte,Perna
Ssfgfbu Luvasca,Costas e Bíceps
Kdliucu Ogergid,Perna
Ssfgfbu Luvasca,Perna
Fhuilja Iezqdez,Perna
Qgzarek Hcqukze,Perna
Ehhcrkf Ryeualj,Costas e Bíceps
Mpuqcpm Bnpuatd,Perna
Jsfeygz Attyoka,Perna
Faxmoox Yazjxuh,Peito e Tríceps
Unajdhk Wsoydib,Peito e Tríceps
Lsxhlqe Vsijfpn,Costas e Bíceps
Zihbgcq Ezjstcd,Costas e Bíceps
Fdnvymb Ffqqaxi,Peito e Tríceps
Dhcgfxd Xmjuzcg,Peito e Tríceps
Kloembc Pafczfl,Perna
Jenqeqd Zxaozqs,Costas e Bíceps
Lwrifjg Ihqkvju,Peito e Tríceps
Cfzdmid Diztnac,Peito e Tríceps
Hmqyiay Xulltfd,Costas e Bíceps
Hwocwvt Prexpdf,Costas e Bíceps
Jyyjlob Qiqtfas,Costas e Bíceps
Kloembc Pafczfl,Costas e Bíceps
Urvgvsh Iawhoki,Costas e Bíceps
Lqvahsl Pjtwnti,Perna
Awtvlrc Nblmrva,Perna
Irfilit Juhjfla,Costas e Bíceps
Guisilb Umbtcue,Costas e Bíceps
Fisliqp Aezccjq,Perna
Gdplqfb Rwnfoze,Peito e Tríceps
Qnyxcxb Mcszjnz,Peito e Tríceps
Pvqyqqa Nnbqgss,Costas e Bíceps
Pwxkndm Iitufgo,Costas e Bíceps
Ckarocz Ehdrweu,Peito e Tríceps
Ytxudnr Hdrzrwo,Costas e Bíceps
Slkypwk Bkqhyxy,Peito e Tríceps
Mannmsn Vztsshy,Costas e Bíceps
Baformj Acjlkvy,Costas e Bíceps
Unajdhk Wsoydib,Perna
Tihclxj Petclyn,Perna
Vdsyoeg Arvfpkw,Costas e Bíceps
Kloembc Pafczfl,Costas e Bíceps
Pmukvmu Dhqkzfh,Peito e Tríceps
Gdplqfb Rwnfoze,Perna
Qbaqvrd Dolfomk,Peito e Tríceps
Lgloozg Chappan,Perna
Mqvcuic Adwegvj,Costas e Bíceps
Zgnmtri Knumbdu,Costas e Bíceps
Hdcwmyd Mktnwjf,Peito e Tríceps
Yrgupld Mccwrlu,Peito e Tríceps
Urvgvsh Iawhoki,Peito e Tríceps
Anoiowz Ccfiemt,Peito e Tríceps
Xdcrywt Wowobdb,Costas e Bíceps
Vrrzpoo Omvlqkz,Costas e Bíceps
Ycaukjn Bblhxyy,Perna
Jxtkbrx Uvghzee,Peito e Tríceps
Hodsynt Rhaixjx,Peito e Tríceps
Niqqpep Uhcklxk,Perna
Ammuyln Taguykz,Peito e Tríceps
Hdcwmyd Mktnwjf,Costas e Bíceps
Qnyxcxb Mcszjnz,Perna
Anoiowz Ccfiemt,Costas e Bíceps
Xgtlauz Fppiqvz,Peito e Tríceps
Oatlcse Rnttnev,Costas e Bíceps
Kksxpag Rgawpzp,Perna
Swxbxrp Odthreh,Costas e Bíceps
Niqqpep Uhcklxk,Perna
Fdnvymb Ffqqaxi,Costas e Bíceps
Gvqzjdz Rbxnghu,Costas e Bíceps
Xnmzyrs Ovvtivq,Peito e Tríceps
Nmkucpn Ughltkr,Costas e Bíceps
Ammuyln Taguykz,Peito e Tríceps
Kdliucu Ogergid,Costas e Bíceps
Lobabvf Khtsxmh,Perna
Tpihxou Lrjapgs,Peito e Tríceps
Iwjgkzi Fgcsfqc,Perna
Ycaukjn Bblhxyy,Peito e Tríceps
Ckarocz Ehdrweu,Perna
Tpihxou Lrjapgs,Costas e Bíceps
Xqiabjr Qfcnkxx,Peito e Tríceps
Zhokngc Dhmmdda,Costas e Bíceps
Wqflacc Shdikoi,Peito e Tríceps
Ckarocz Ehdrweu,Costas e Bíceps
Iguqjyo Bpjipda,Peito e Tríceps
Khqdjag Pxciqeh,Perna
Psyjtjf Aivfqsj,Peito e Tríceps
Swxbxrp Odthreh,Perna
Zhokngc Dhmmdda,Peito e Tríceps
Mqvcuic Adwegvj,Peito e Tríceps
Vbeiaff Ggkyabo,Peito e Tríceps
Nrgxmqr Eklduvf,Peito e Tríceps
Sjxbusm Hilikjg,Costas e Bíceps
Iguqjyo Bpjipda,Perna
Mqvcuic Adwegvj,Perna
Cjtoimv Wrajdxp,Perna
Rmzxwjb Ylqbvzd,Perna
Niqqpep Uhcklxk,Peito e Tríceps
Anoiowz Ccfiemt,Perna
Jxtkbrx Uvghzee,Perna
Ylrxtsu Hidusof,Costas e Bíceps
Auzapus Sxhohgg,Costas e Bíceps
Nuenenb Dduwfml,Peito e Tríceps
Nknugsc Yedteuh,Peito e Tríceps
Zgswcih Nmurhrv,Peito e Tríceps
Ujuxqec Ahaxucq,Perna
Tpihxou Lrjapgs,Costas e Bíceps
Ujuxqec Ahaxucq,Perna
Aayuxtj Lppbxfr,Peito e Tríceps
Vbeiaff Ggkyabo,Costas e Bíceps
Muiwrqf Qqrtwum,Peito e Tríceps
Zpnzhaf Ykueyzi,Peito e Tríceps
Qbpvyaj Glztjhh,Costas e Bíceps
Ltnivnn Ormixfc,Perna
Aayuxtj Lppbxfr,Perna
Zhokngc Dhmmdda,Perna
Kuqnojq Lhnggfo,Peito e Tríceps
Tnqjghx Xdpymte,Perna
Xnmzyrs Ovvtivq,Peito e Tríceps
Skswlix Frjkmbh,Costas e Bíceps
Yyvygth Routsql,Perna
Huoewsk Atjbbil,Perna
Gihbvqj Jcngwxn,Peito e Tríceps
Zhokngc Dhmmdda,Perna
Zmwbicn Cygsvej,Perna
Hodsynt Rhaixjx,Perna
Ucvlwce Hafaxqs,Peito e Tríceps
Nrgxmqr Eklduvf,Costas e Bíceps
Ctyptmp Pragqaw,Peito e Tríceps
Ujnnfrw Jjqwoqc,Perna
Zgswcih Nmurhrv,Perna
Cfzdmid Diztnac,Perna
Wcblngt Bkowpbe,Peito e Tríceps
Zgnmtri Knumbdu,Costas e Bíceps
Vdfbkei Eqwqbcx,Costas e Bíceps
Lrrkunz Sfvuynj,Peito e Tríceps
Ypfamox Qghmcnz,Costas e Bíceps
Kksxpag Rgawpzp,Costas e Bíceps
Skswlix Frjkmbh,Peito e Tríceps
Pucniie Mtyzgwj,Peito e Tríceps
Bulfgku Qdkegyk,Costas e Bíceps
Drefyli Mutndwj,Costas e Bíceps
Shqgycv Xyzyxwl,Costas e Bíceps
Vypncfn Yqaavbh,Peito e Tríceps
Tpihxou Lrjapgs,Peito e Tríceps
Rgsycfg Mrucxdz,Costas e Bíceps
Dhhxfae Jhrywna,Perna
Lsxhlqe Vsijfpn,Costas e Bíceps
Tqttuup Gjtftmd,Perna
Qeoqudy Qdxhqkl,Costas e Bíceps
Fhuilja Iezqdez,Peito e Tríceps
Ovtuqvz Gbynwvt,Costas e Bíceps
Qzttjgh Bcbutmm,Peito e Tríceps
Ucvlwce Hafaxqs,Costas e Bíceps
Vrrzpoo Omvlqkz,Costas e Bíceps
Skswlix Frjkmbh,Peito e Tríceps
Zgswcih Nmurhrv,Costas e Bíceps
Kqvgjdl Bunoqzu,Peito e Tríceps
Vkfobco Ybuvjde,Costas e Bíceps
Psyjtjf Aivfqsj,Costas e Bíceps
Xqiabjr Qfcnkxx,Perna
Mdhsrwy Azwiyuf,Peito e Tríceps
Muiwrqf Qqrtwum,Peito e Tríceps
Vdfbkei Eqwqbcx,Costas e Bíceps
Vrrzpoo Omvlqkz,Peito e Tríceps
Nknugsc Yedteuh,Perna
Azfhfpy Lfkexxw,Peito e Tríceps
Jiwghpa Ktriusx,Perna
Goiyxnn Jbqbond,Perna
Efkyeys Yknjmct,Costas e Bíceps
Mpdcpdg Gacqktk,Costas e Bíceps
Waenyhm Vhcnzbf,Perna
Hgcufxc Lwrmidt,Perna
Ckarocz Ehdrweu,Costas e Bíceps
Kunfxvn Rnzeaul,Peito e Tríceps
Agvhtym Qyghdlu,Costas e Bíceps
Tpihxou Lrjapgs,Costas e Bíceps
Hmqyiay Xulltfd,Peito e Tríceps
Pesyrmr Mcvzzhi,Peito e Tríceps
Gdplqfb Rwnfoze,Perna
Tnqjghx Xdpymte,Perna
Swxbxrp Odthreh,Costas e Bíceps
Ujnnfrw Jjqwoqc,Peito e Tríceps
Jejffoo Okjmavz,Costas e Bíceps
Pmukvmu Dhqkzfh,Peito e Tríceps
Wuubgua Ctrwdgz,Costas e Bíceps
Nknugsc Yedteuh,Costas e Bíceps
Agvhtym Qyghdlu,Perna
Hmbrwcr Mplxwqd,Perna
Kksxpag Rgawpzp,Perna
Liwuvtz Xapwkax,Perna
Cjtoimv Wrajdxp,Costas e Bíceps
Lgloozg Chappan,Costas e Bíceps
Wkflmvq Cbvucrd,Peito e Tríceps
Rthqqaq Ebbyadl,Perna
Hstxxda Nsyfgvv,Peito e Tríceps
Omubzja Oexenuf,Peito e Tríceps
Kftyqpj Rxbcdde,Perna
Nuenenb Dduwfml,Perna
Xmiskcf Ddwigmt,Costas e Bíceps
Bmeloip Wqbrnxv,Perna
Okqzxip Zkizqsj,Costas e Bíceps
Rxkwyts Xrirptz,Perna
Jenqeqd Zxaozqs,Peito e Tríceps
Dhcgfxd Xmjuzcg,Perna
Yxafqfg Pzaxqkl,Costas e Bíceps
Ofrydxm Qfobmii,Peito e Tríceps
Tihclxj Petclyn,Perna
Nknugsc Yedteuh,Costas e Bíceps
Jiwghpa Ktriusx,Costas e Bíceps
Sjxbusm Hilikjg,Costas e Bíceps
Liwuvtz Xapwkax,Costas e Bíceps
Zqmzmfm Dkqzrhu,Costas e Bíceps
Hodsynt Rhaixjx,Costas e Bíceps
Hxeqavt Mvvypee,Peito e Tríceps
Waenyhm Vhcnzbf,Perna
Ucvlwce Hafaxqs,Perna
Nknugsc Yedteuh,Costas e Bíceps
Tpihxou Lrjapgs,Costas e Bíceps
Zpnzhaf Ykueyzi,Costas e Bíceps
Ajnfucl Mrfkges,Costas e Bíceps
Brkccgu Wjwbkfv,Peito e Tríceps
Ylrxtsu Hidusof,Costas e Bíceps
Omubzja Oexenuf,Peito e Tríceps
Tmzohkn Hznokca,Costas e Bíceps
Hxeqavt Mvvypee,Costas e Bíceps
Zhokngc Dhmmdda,Peito e Tríceps
Slbmnzq Btbdezs,Perna
Kdliucu Ogergid,Peito e Tríceps
Iguqjyo Bpjipda,Peito e Tríceps
Vdsyoeg Arvfpkw,Costas e Bíceps
Hphdcyx Jdgrqkg,Perna
Hgcufxc Lwrmidt,Perna
Lbeweqr Rsgmhwv,Perna
Juqamtf Kontbtn,Peito e Tríceps
Ofrydxm Qfobmii,Perna
Kqvgjdl Bunoqzu,Costas e Bíceps
Qnyxcxb Mcszjnz,Costas e Bíceps
Unajdhk Wsoydib,Costas e Bíceps
Ylgeiou Euhuwbg,Peito e Tríceps
Swxbxrp Odthreh,Perna
Akxtrya Mphvkpb,Costas e Bíceps
Fisliqp Aezccjq,Peito e Tríceps
Foqtozz Qioceqo,Costas e Bíceps
Fvjgsux Pyycmoi,Costas e Bíceps
Qgzarek Hcqukze,Costas e Bíceps
Cjtoimv Wrajdxp,Costas e Bíceps
Fdnvymb Ffqqaxi,Costas e Bíceps
Wuxxvks Bubydzt,Costas e Bíceps
Omubzja Oexenuf,Perna
Xqiabjr Qfcnkxx,Costas e Bíceps
Bvojlzo Dblbizo,Costas e Bíceps
Mannmsn Vztsshy,Peito e Tríceps
Qgzarek Hcqukze,Peito e Tríceps
Txydiez Mxfizng,Peito e Tríceps
Fkbzlro Xjddbai,Perna
Faxmoox Yazjxuh,Perna
Fhuilja Iezqdez,Costas e Bíceps
Pmukvmu Dhqkzfh,Costas e Bíceps
Irfilit Juhjfla,Perna
Qobzyoj Djcuayp,Perna
Wqflacc Shdikoi,Perna
Tihclxj Petclyn,Costas e Bíceps
Mannmsn Vztsshy,Perna
Txydiez Mxfizng,Costas e Bíceps
Nmkucpn Ughltkr,Peito e Tríceps
Xqiabjr Qfcnkxx,Costas e Bíceps
Pucniie Mtyzgwj,Peito e Tríceps
Ltnivnn Ormixfc,Perna
Ltnivnn Ormixfc,Perna
Cjtoimv Wrajdxp,Costas e Bíceps
Szqkivm Gzrhnwb,Perna
Slbmnzq Btbdezs,Costas e Bíceps
Wkflmvq Cbvucrd,Peito e Tríceps
Qgzarek Hcqukze,Costas e Bíceps
Ovtuqvz Gbynwvt,Peito e Tríceps
Ltnivnn Ormixfc,Costas e Bíceps
Kzyrgct Zdrchet,Perna
Hodsynt Rhaixjx,Perna
Pmukvmu Dhqkzfh,Perna
Lqvahsl Pjtwnti,Peito e Tríceps
Bulfgku Qdkegyk,Peito e Tríceps
Yrgupld Mccwrlu,Peito e Tríceps
Omubzja Oexenuf,Peito e Tríceps
Iluswje Pouttls,Peito e Tríceps
Wkflmvq Cbvucrd,Perna
Wcblngt Bkowpbe,Costas e Bíceps
Faxmoox Yazjxuh,Perna
Izfbbuo Karkfek,Perna
Qnyxcxb Mcszjnz,Peito e Tríceps
Brssnjm Ilqcymo,Peito e Tríceps
Juqamtf Kontbtn,Peito e Tríceps
Tqttuup Gjtftmd,Costas e Bíceps
Bmeloip Wqbrnxv,Costas e Bíceps
Bjtqyth Aomyuyd,Costas e Bíceps
Egloagm Nhejxcw,Perna
Cryztjy Rztzyat,Costas e Bíceps
Mqvcuic Adwegvj,Peito e Tríceps
Psyjtjf Aivfqsj,Perna
Kdliucu Ogergid,Costas e Bíceps
Auzapus Sxhohgg,Costas e Bíceps
Hodsynt Rhaixjx,Perna
Jiwghpa Ktriusx,Perna
Hmbrwcr Mplxwqd,Costas e Bíceps
Iwjgkzi Fgcsfqc,Costas e Bíceps
Dbkgeih Ddvyumf,Costas e Bíceps
Hdcwmyd Mktnwjf,Costas e Bíceps
Scxqtlm Azllpgd,Peito e Tríceps
Brssnjm Ilqcymo,Peito e Tríceps
Fdnvymb Ffqqaxi,Costas e Bíceps
Ajnfucl Mrfkges,Costas e Bíceps
Khqdjag Pxciqeh,Perna
Lqvahsl Pjtwnti,Peito e Tríceps
Ofrydxm Qfobmii,Perna
Eakcphs Pzwfqng,Perna
Zqmzmfm Dkqzrhu,Peito e Tríceps
Ujnnfrw Jjqwoqc,Peito e Tríceps
Vrrzpoo Omvlqkz,Peito e Tríceps
Hodsynt Rhaixjx,Perna
Ylrxtsu Hidusof,Peito e Tríceps
Fkbzlro Xjddbai,Peito e Tríceps
Swxbxrp Odthreh,Peito e Tríceps
Jgtulas Eifvmfn,Peito e Tríceps
Sjxbusm Hilikjg,Peito e Tríceps
Mdhsrwy Azwiyuf,Costas e Bíceps
Qaefjps Tligfip,Peito e Tríceps
Lrrkunz Sfvuynj,Perna
Iguqjyo Bpjipda,Perna
Ujuxqec Ahaxucq,Costas e Bíceps
Awtvlrc Nblmrva,Costas e Bíceps
Cfzdmid Diztnac,Peito e Tríceps
Nuenenb Dduwfml,Perna
Qbaqvrd Dolfomk,Perna
Brkccgu Wjwbkfv,Costas e Bíceps
Hwocwvt Prexpdf,Costas e Bíceps
Rmzxwjb Ylqbvzd,Perna
Iluswje Pouttls,Peito e Tríceps
Burrvxf Dhwebqa,Peito e Tríceps
Rthqqaq Ebbyadl,Perna
Xgtlauz Fppiqvz,Perna
Zihbgcq Ezjstcd,Perna
Fvjgsux Pyycmoi,Peito e Tríceps
Ytxudnr Hdrzrwo,Costas e Bíceps
Cfzdmid Diztnac,Perna
Pwxkndm Iitufgo,Costas e Bíceps
Scvfytp Wboppex,Peito e Tríceps
Hwocwvt Prexpdf,Peito e Tríceps
Gdthxkn Fqyvpjk,Costas e Bíceps
Uqaxhdd Rvanhqx,Costas e Bíceps
Jgtulas Eifvmfn,Peito e Tríceps
Zpnzhaf Ykueyzi,Costas e Bíceps
Nmkucpn Ughltkr,Costas e Bíceps
Szqkivm Gzrhnwb,Costas e Bíceps
Jyyjlob Qiqtfas,Perna
Pesyrmr Mcvzzhi,Perna
Ymenldd Edlhdss,Peito e Tríceps
Pqkyira Miylhfb,Perna
Cfzdmid Diztnac,Peito e Tríceps
Bjtqyth Aomyuyd,Peito e Tríceps
Drefyli Mutndwj,Perna
Tnqjghx Xdpymte,Costas e Bíceps
Qaefjps Tligfip,Peito e Tríceps
Awtvlrc Nblmrva,Peito e Tríceps
Skswlix Frjkmbh,Costas e Bíceps
Xmiskcf Ddwigmt,Peito e Tríceps
Vkfobco Ybuvjde,Costas e Bíceps
Szqkivm Gzrhnwb,Costas e Bíceps
Lobabvf Khtsxmh,Perna
Uforexv Mehwtbf,Perna
Aayuxtj Lppbxfr,Peito e Tríceps
Cjtoimv Wrajdxp,Peito e Tríceps
Bulfgku Qdkegyk,Peito e Tríceps
Ylgeiou Euhuwbg,Perna
Jenqeqd Zxaozqs,Peito e Tríceps
Jejffoo Okjmavz,Perna
Ujnnfrw Jjqwoqc,Costas e Bíceps
Xmiskcf Ddwigmt,Costas e Bíceps
Skswlix Frjkmbh,Costas e Bíceps
Huoewsk Atjbbil,Perna
Gdplqfb Rwnfoze,Costas e Bíceps
Bhatfes Tfumcbr,Costas e Bíceps
Nknugsc Yedteuh,Peito e Tríceps
Ytjrnfi Yactnyn,Costas e Bíceps
Gwfwidl Wxjnxbi,Peito e Tríceps
Ylrxtsu Hidusof,Perna
Akxtrya Mphvkpb,Costas e Bíceps
Kftyqpj Rxbcdde,Perna
Rgsycfg Mrucxdz,Costas e Bíceps
Tihclxj Petclyn,Peito e Tríceps
Abyfoia Shyylay,Costas e Bíceps
Foqtozz Qioceqo,Perna
Kksxpag Rgawpzp,Perna
Rmzxwjb Ylqbvzd,Perna
Mdhsrwy Azwiyuf,Perna
Waenyhm Vhcnzbf,Perna
Zgnmtri Knumbdu,Peito e Tríceps
Foqtozz Qioceqo,Perna
Pmukvmu Dhqkzfh,Costas e Bíceps
Vypncfn Yqaavbh,Peito e Tríceps
Txydiez Mxfizng,Perna
Ymenldd Edlhdss,Peito e Tríceps
Hxeqavt Mvvypee,Peito e Tríceps
Njglkif Njaoydn,Peito e Tríceps
Qbpvyaj Glztjhh,Peito e Tríceps
Vbeiaff Ggkyabo,Perna
Ylgeiou Euhuwbg,Peito e Tríceps
Unajdhk Wsoydib,Costas e Bíceps
Zqmzmfm Dkqzrhu,Perna
Bulfgku Qdkegyk,Costas e Bíceps
Waenyhm Vhcnzbf,Perna
Brssnjm Ilqcymo,Costas e Bíceps
Jgtulas Eifvmfn,Costas e Bíceps
Skswlix Frjkmbh,Costas e Bíceps
Zgswcih Nmurhrv,Perna
Gvqzjdz Rbxnghu,Peito e Tríceps
Zmwbicn Cygsvej,Costas e Bíceps
Xnmzyrs Ovvtivq,Costas e Bíceps
Pmukvmu Dhqkzfh,Perna
Jgtulas Eifvmfn,Perna
Niqqpep Uhcklxk,Costas e Bíceps
Tmzohkn Hznokca,Perna
Ajnfucl Mrfkges,Peito e Tríceps
Scvfytp Wboppex,Costas e Bíceps
Hxeqavt Mvvypee,Perna
Efkyeys Yknjmct,Costas e Bíceps
Vdsyoeg Arvfpkw,Peito e Tríceps
Qgzarek Hcqukze,Costas e Bíceps
Kloembc Pafczfl,Costas e Bíceps
Fvjgsux Pyycmoi,Perna
Dhcgfxd Xmjuzcg,Costas e Bíceps
Qzttjgh Bcbutmm,Costas e Bíceps
Zgswcih Nmurhrv,Peito e Tríceps
Mahprcx Kykklzb,Peito e Tríceps
Hmbrwcr Mplxwqd,Costas e Bíceps
Jejffoo Okjmavz,Costas e Bíceps
Brkccgu Wjwbkfv,Peito e Tríceps
Lwrifjg Ihqkvju,Peito e Tríceps
Vdfbkei Eqwqbcx,Perna
Oatlcse Rnttnev,Perna
Sjxbusm Hilikjg,Costas e Bíceps
Yyvygth Routsql,Perna
Qeoqudy Qdxhqkl,Costas e Bíceps
Pmukvmu Dhqkzfh,Peito e Tríceps
Scvfytp Wboppex,Perna
Hnlryxm Hkoohwl,Costas e Bíceps
Rgsycfg Mrucxdz,Peito e Tríceps
Uqaxhdd Rvanhqx,Costas e Bíceps
Skswlix Frjkmbh,Costas e Bíceps
Qeoqudy Qdxhqkl,Peito e Tríceps
Ctyptmp Pragqaw,Perna
Dbkgeih Ddvyumf,Perna
Ycaukjn Bblhxyy,Costas e Bíceps
Ymenldd Edlhdss,Costas e Bíceps
Qzttjgh Bcbutmm,Perna
Bhatfes Tfumcbr,Costas e Bíceps
Fisliqp Aezccjq,Costas e Bíceps
Kixgovb Dkmrgtq,Peito e Tríceps
Scxqtlm Azllpgd,Perna
Dhhxfae Jhrywna,Costas e Bíceps
Okqzxip Zkizqsj,Perna
Iluswje Pouttls,Costas e Bíceps
Pqkyira Miylhfb,Costas e Bíceps
Lsoxabj Xeerslt,Peito e Tríceps
Omubzja Oexenuf,Peito e Tríceps
Yncwfiv Mbkocbm,Costas e Bíceps
Ylgeiou Euhuwbg,Peito e Tríceps
Psyjtjf Aivfqsj,Costas e Bíceps
Ujuxqec Ahaxucq,Peito e Tríceps
Gvqzjdz Rbxnghu,Peito e Tríceps
Jyyjlob Qiqtfas,Peito e Tríceps
Khqdjag Pxciqeh,Perna
Hgcufxc Lwrmidt,Perna
Bvojlzo Dblbizo,Costas e Bíceps
Bmeloip Wqbrnxv,Peito e Tríceps
Scxqtlm Azllpgd,Costas e Bíceps
Swxbxrp Odthreh,Perna
Irfilit Juhjfla,Costas e Bíceps
Wqflacc Shdikoi,Perna
Vbeiaff Ggkyabo,Costas e Bíceps
Shqgycv Xyzyxwl,Perna
Ltnivnn Ormixfc,Perna
Ltnivnn Ormixfc,Costas e Bíceps
Gdthxkn Fqyvpjk,Costas e Bíceps
Lsoxabj Xeerslt,Costas e Bíceps
Uqaxhdd Rvanhqx,Costas e Bíceps
Nmkucpn Ughltkr,Peito e Tríceps
Gdthxkn Fqyvpjk,Peito e Tríceps
Mannmsn Vztsshy,Peito e Tríceps
Ycaukjn Bblhxyy,Costas e Bíceps
Fvjltdy Xsmijxg,Costas e Bíceps
Vbeiaff Ggkyabo,Peito e Tríceps
Lsxhlqe Vsijfpn,Costas e Bíceps
Ucvlwce Hafaxqs,Peito e Tríceps
Scxqtlm Azllpgd,Perna
Tihclxj Petclyn,Perna
Gdthxkn Fqyvpjk,Costas e Bíceps
Pvqyqqa Nnbqgss,Perna
Vrrzpoo Omvlqkz,Perna
Ylgeiou Euhuwbg,Costas e Bíceps
Vypncfn Yqaavbh,Costas e Bíceps
Jejffoo Okjmavz,Peito e Tríceps
Bctwsbz Khsuicq,Perna
Ytxudnr Hdrzrwo,Perna
Dhhxfae Jhrywna,Costas e Bíceps
Psyjtjf Aivfqsj,Costas e Bíceps
Slkypwk Bkqhyxy,Costas e Bíceps
Qcydgyv Pswgcqx,Perna
Wuxxvks Bubydzt,Costas e Bíceps
Mahprcx Kykklzb,Perna
Yncwfiv Mbkocbm,Peito e Tríceps
Drefyli Mutndwj,Peito e Tríceps
Ucvlwce Hafaxqs,Costas e Bíceps
Guisilb Umbtcue,Perna
Hphdcyx Jdgrqkg,Perna
Faxmoox Yazjxuh,Perna
Xnmzyrs Ovvtivq,Peito e Tríceps
Hphdcyx Jdgrqkg,Costas e Bíceps
Agvhtym Qyghdlu,Peito e Tríceps
Vkfobco Ybuvjde,Costas e Bíceps
Egloagm Nhejxcw,Costas e Bíceps
Uqaxhdd Rvanhqx,Perna
Bjtqyth Aomyuyd,Perna
Lsoxabj Xeerslt,Perna
Ujnnfrw Jjqwoqc,Perna
Olxprzv Rbwmhvg,Peito e Tríceps
Drefyli Mutndwj,Perna
Tqttuup Gjtftmd,Peito e Tríceps
Olxprzv Rbwmhvg,Peito e Tríceps
Lsoxabj Xeerslt,Costas e Bíceps
Omubzja Oexenuf,Costas e Bíceps
Lqvahsl Pjtwnti,Perna
Slbmnzq Btbdezs,Costas e Bíceps
Wuubgua Ctrwdgz,Peito e Tríceps
Agvhtym Qyghdlu,Costas e Bíceps
Lsoxabj Xeerslt,Costas e Bíceps
Txydiez Mxfizng,Perna
Zmwbicn Cygsvej,Costas e Bíceps
Vdsyoeg Arvfpkw,Peito e Tríceps
Hnlryxm Hkoohwl,Peito e Tríceps
Hodsynt Rhaixjx,Peito e Tríceps
Zihbgcq Ezjstcd,Costas e Bíceps
Qbpvyaj Glztjhh,Perna
Brssnjm Ilqcymo,Costas e Bíceps
Fkbzlro Xjddbai,Perna
Txydiez Mxfizng,Peito e Tríceps
Jsfeygz Attyoka,Costas e Bíceps
Omubzja Oexenuf,Costas e Bíceps
Qbpvyaj Glztjhh,Peito e Tríceps
Ypfamox Qghmcnz,Peito e Tríceps
Okqzxip Zkizqsj,Costas e Bíceps
Baformj Acjlkvy,Perna
Scxqtlm Azllpgd,Costas e Bíceps
Abyfoia Shyylay,Costas e Bíceps
Lwrifjg Ihqkvju,Peito e Tríceps
Lrrkunz Sfvuynj,Perna
Rthqqaq Ebbyadl,Costas e Bíceps
Uforexv Mehwtbf,Peito e Tríceps
Okqzxip Zkizqsj,Costas e Bíceps
Bctwsbz Khsuicq,Peito e Tríceps
Muiwrqf Qqrtwum,Costas e Bíceps
Ujnnfrw Jjqwoqc,Perna
Ypfamox Qghmcnz,Peito e Tríceps
Bjtqyth Aomyuyd,Peito e Tríceps
Hphdcyx Jdgrqkg,Perna
Egloagm Nhejxcw,Costas e Bíceps
Tqttuup Gjtftmd,Costas e Bíceps
Lobabvf Khtsxmh,Perna
Hstxxda Nsyfgvv,Peito e Tríceps
Lsoxabj Xeerslt,Perna
Olxprzv Rbwmhvg,Peito e Tríceps
Lbeweqr Rsgmhwv,Costas e Bíceps
Qzttjgh Bcbutmm,Costas e Bíceps
Zpnzhaf Ykueyzi,Peito e Tríceps
Fvjgsux Pyycmoi,Peito e Tríceps
Ylrxtsu Hidusof,Perna
Njglkif Njaoydn,Costas e Bíceps
Rgsycfg Mrucxdz,Perna
Psyjtjf Aivfqsj,Peito e Tríceps
Zmwbicn Cygsvej,Peito e Tríceps
Agvhtym Qyghdlu,Perna
Ajnfucl Mrfkges,Perna
Ammuyln Taguykz,Costas e Bíceps
Mqvcuic Adwegvj,Perna
Pvqyqqa Nnbqgss,Costas e Bíceps
Hxeqavt Mvvypee,Perna
Ujuxqec Ahaxucq,Costas e Bíceps
Dwtetep Ozbxyso,Peito e Tríceps
Zihbgcq Ezjstcd,Costas e Bíceps
Urvgvsh Iawhoki,Costas e Bíceps
Kloembc Pafczfl,Peito e Tríceps
Zgnmtri Knumbdu,Perna
Yxafqfg Pzaxqkl,Costas e Bíceps
Scxqtlm Azllpgd,Perna
Huoewsk Atjbbil,Peito e Tríceps
Fhuilja Iezqdez,Perna
Cryztjy Rztzyat,Costas e Bíceps
Pucniie Mtyzgwj,Peito e Tríceps
Szqkivm Gzrhnwb,Perna
Nmkucpn Ughltkr,Peito e Tríceps
Kdliucu Ogergid,Peito e Tríceps
Zhawept Eqbsyoa,Perna
Olxprzv Rbwmhvg,Peito e Tríceps
Scxqtlm Azllpgd,Peito e Tríceps
Auzapus Sxhohgg,Perna
Qbaqvrd Dolfomk,Costas e Bíceps
Uqaxhdd Rvanhqx,Perna
Rmzxwjb Ylqbvzd,Costas e Bíceps
Zmddzcf Sudijud,Perna
Slkypwk Bkqhyxy,Perna
Zhokngc Dhmmdda,Perna
Baformj Acjlkvy,Costas e Bíceps
Lsxhlqe Vsijfpn,Perna
Hxeqavt Mvvypee,Costas e Bíceps
Fvjgsux Pyycmoi,Peito e Tríceps
Kqvgjdl Bunoqzu,Peito e Tríceps
Iluswje Pouttls,Costas e Bíceps
Yrgupld Mccwrlu,Costas e Bíceps
Kqvgjdl Bunoqzu,Costas e Bíceps
Gwfwidl Wxjnxbi,Peito e Tríceps
Goiyxnn Jbqbond,Perna
Zhawept Eqbsyoa,Perna
Jiwghpa Ktriusx,Perna
Guisilb Umbtcue,Perna
Mahprcx Kykklzb,Perna
Tmzohkn Hznokca,Perna
Asubkgt Hmuqdfh,Peito e Tríceps
Lqvahsl Pjtwnti,Peito e Tríceps
Nrgxmqr Eklduvf,Costas e Bíceps
Ckarocz Ehdrweu,Perna
Abyfoia Shyylay,Peito e Tríceps
Ehhcrkf Ryeualj,Peito e Tríceps
Liwuvtz Xapwkax,Perna
Gihbvqj Jcngwxn,Perna
Ovtuqvz Gbynwvt,Perna
Nmkucpn Ughltkr,Perna
Fvjltdy Xsmijxg,Costas e Bíceps
Auzapus Sxhohgg,Peito e Tríceps
Xdcrywt Wowobdb,Perna
Mdhsrwy Azwiyuf,Peito e Tríceps
Qnyxcxb Mcszjnz,Perna
Wuubgua Ctrwdgz,Peito e Tríceps
Bvojlzo Dblbizo,Peito e Tríceps
Bmeloip Wqbrnxv,Costas e Bíceps
Ycaukjn Bblhxyy,Peito e Tríceps
Burrvxf Dhwebqa,Perna
Yrgupld Mccwrlu,Perna
Xdcrywt Wowobdb,Costas e Bíceps
Mannmsn Vztsshy,Perna
Ytxudnr Hdrzrwo,Perna
Xmiskcf Ddwigmt,Perna
Zhawept Eqbsyoa,Perna
Kdliucu Ogergid,Perna
Foqtozz Qioceqo,Peito e Tríceps
Auzapus Sxhohgg,Perna
Wqflacc Shdikoi,Costas e Bíceps
Hmbrwcr Mplxwqd,Perna
Zgswcih Nmurhrv,Peito e Tríceps
Hmqyiay Xulltfd,Perna
Fdnvymb Ffqqaxi,Perna
Ofrydxm Qfobmii,Costas e Bíceps
Fyufybr Xpmaidw,Peito e Tríceps
Rgsycfg Mrucxdz,Peito e Tríceps
Lwrifjg Ihqkvju,Costas e Bíceps
Vrrzpoo Omvlqkz,Costas e Bíceps
Dbkgeih Ddvyumf,Perna
Mpuqcpm Bnpuatd,Perna
Nrgxmqr Eklduvf,Peito e Tríceps
Anoiowz Ccfiemt,Peito e Tríceps
Qgzarek Hcqukze,Perna
Hmbrwcr Mplxwqd,Perna
Mpdcpdg Gacqktk,Peito e Tríceps
Jgtulas Eifvmfn,Peito e Tríceps
Gwfwidl Wxjnxbi,Perna
Gihbvqj Jcngwxn,Perna
Hmbrwcr Mplxwqd,Costas e Bíceps
Fyufybr Xpmaidw,Peito e Tríceps
Ymenldd Edlhdss,Costas e Bíceps
Awtvlrc Nblmrva,Costas e Bíceps
Oatlcse Rnttnev,Costas e Bíceps
Egloagm Nhejxcw,Costas e Bíceps
Kdliucu Ogergid,Peito e Tríceps
Goiyxnn Jbqbond,Perna
Vdtywpn Axfvdkh,Perna
Fhuilja Iezqdez,Peito e Tríceps
Faxmoox Yazjxuh,Costas e Bíceps
Ofrydxm Qfobmii,Peito e Tríceps
